Date,Time,T1_TNH1
2-Nov-2023,08:34:30.80101,85.93
2-Nov-2023,08:34:43.15625,88.49
2-Nov-2023,08:35:50.21875,88.49
2-Nov-2023,11:35:21.53125,87.86
2-Nov-2023,14:24:14.375,87.32
2-Nov-2023,16:25:04.28125,86.97
2-Nov-2023,19:26:05.0625,86.76
2-Nov-2023,23:01:50.6875,86.21
2-Nov-2023,23:02:57.71875,85.93
2-Nov-2023,23:04:48.8125,85.68
3-Nov-2023,01:03:39.3125,85.70
3-Nov-2023,04:09:05.71875,87.68
3-Nov-2023,05:39:50.90625,88.11
3-Nov-2023,06:22:18.34375,87.80
3-Nov-2023,09:12:29.625,88.04
3-Nov-2023,11:49:02.59375,87.29
3-Nov-2023,14:10:01.59375,86.95
3-Nov-2023,14:54:55.03125,86.52
3-Nov-2023,15:38:29.53125,86.57
3-Nov-2023,16:58:37.3125,86.32
3-Nov-2023,17:56:50.5,86.21
3-Nov-2023,19:15:12.4375,86.20
3-Nov-2023,21:00:00.03125,85.89
3-Nov-2023,21:24:21.1875,85.77
4-Nov-2023,01:19:16.625,85.91
4-Nov-2023,04:40:08.0625,86.34
4-Nov-2023,04:46:43.8125,86.21
4-Nov-2023,06:06:36.625,86.57
4-Nov-2023,10:21:44.9375,86.83
4-Nov-2023,18:19:21.78125,85.83
4-Nov-2023,23:09:20.46875,85.66
5-Nov-2023,00:55:39.5625,85.60
5-Nov-2023,04:30:45.125,87.96
5-Nov-2023,07:50:31.125,88.16
5-Nov-2023,09:57:39.53125,87.66
5-Nov-2023,10:53:16.75,87.20
5-Nov-2023,12:16:16.9375,86.85
5-Nov-2023,13:23:28.03125,86.73
5-Nov-2023,15:51:23.75,86.43
5-Nov-2023,18:01:01.28125,86.14
5-Nov-2023,20:32:38.4375,85.69
5-Nov-2023,20:36:40.96875,85.29
5-Nov-2023,20:39:34.21875,85.04
5-Nov-2023,20:41:18.28125,84.11
5-Nov-2023,20:46:59.90625,84.60
5-Nov-2023,20:47:30.90625,84.88
5-Nov-2023,21:02:29.125,85.13
5-Nov-2023,21:10:49.9375,85.24
5-Nov-2023,21:11:19.0625,86.03
6-Nov-2023,00:17:03.8125,86.01
6-Nov-2023,03:04:59.15625,87.37
6-Nov-2023,05:36:21.1875,88.06
6-Nov-2023,09:34:36.375,87.85
6-Nov-2023,11:29:45.96875,87.25
6-Nov-2023,14:01:41.1875,87.04
6-Nov-2023,15:27:30.0625,86.69
6-Nov-2023,16:04:46.71875,86.64
6-Nov-2023,16:33:52.03125,86.39
6-Nov-2023,17:40:34.125,86.66
6-Nov-2023,22:38:41.09375,86.35
6-Nov-2023,23:31:15.1875,86.05
7-Nov-2023,01:00:53.9375,86.71
7-Nov-2023,05:27:32.9375,88.18
7-Nov-2023,09:44:23.78125,87.94
7-Nov-2023,11:54:39.9375,87.40
7-Nov-2023,13:30:46.09375,87.28
7-Nov-2023,14:55:05.25,87.07
7-Nov-2023,15:56:09.46875,86.83
7-Nov-2023,18:32:46.84375,86.66
7-Nov-2023,19:51:28.53125,86.46
7-Nov-2023,22:17:44.625,86.01
7-Nov-2023,23:47:09.5,86.03
8-Nov-2023,02:23:18.25,86.41
8-Nov-2023,05:35:11.375,87.45
8-Nov-2023,09:31:26.1875,87.50
8-Nov-2023,13:19:28.25,86.95
8-Nov-2023,13:39:44.15625,87.11
8-Nov-2023,19:49:02.5625,86.39
8-Nov-2023,23:35:04.40625,86.43
9-Nov-2023,05:07:18.875,87.57
9-Nov-2023,09:16:27.53125,87.76
9-Nov-2023,09:17:46.59375,88.09
9-Nov-2023,09:59:33.84375,88.14
9-Nov-2023,12:45:31.40625,87.46
9-Nov-2023,15:38:41.84375,86.78
9-Nov-2023,19:14:00.09375,86.42
9-Nov-2023,23:38:41.28125,85.97
10-Nov-2023,05:49:01.75,87.58
10-Nov-2023,09:16:37.8125,87.65
10-Nov-2023,16:17:39.96875,86.44
10-Nov-2023,22:22:13.09375,85.90
11-Nov-2023,00:05:23.1875,85.93
11-Nov-2023,03:07:37.90625,87.27
11-Nov-2023,04:15:27.71875,87.41
11-Nov-2023,06:43:31.65625,87.58
11-Nov-2023,07:22:38.46875,87.72
11-Nov-2023,07:22:38.46875,Bad
11-Nov-2023,07:27:03.28125,87.66
11-Nov-2023,07:28:03.40625,87.65
11-Nov-2023,07:28:03.40625,Bad
11-Nov-2023,07:28:03.40625,87.65
11-Nov-2023,07:28:03.40625,Bad
11-Nov-2023,07:32:23.375,87.65
11-Nov-2023,07:44:25.53125,87.70
11-Nov-2023,07:44:25.53125,Bad
11-Nov-2023,07:44:25.53125,87.70
11-Nov-2023,07:44:25.53125,Bad
11-Nov-2023,07:44:30.53125,87.68
11-Nov-2023,07:44:32.53125,Bad
11-Nov-2023,07:49:15.3125,87.66
11-Nov-2023,11:45:53.46875,87.11
11-Nov-2023,13:17:33.6875,86.90
11-Nov-2023,15:05:37.59375,86.78
11-Nov-2023,15:06:14.625,86.80
11-Nov-2023,15:06:23.65625,86.39
11-Nov-2023,15:09:01.125,86.32
11-Nov-2023,15:15:36.875,86.45
11-Nov-2023,15:15:40.9375,86.80
11-Nov-2023,17:50:25.15625,86.45
11-Nov-2023,22:18:49.625,85.91
12-Nov-2023,00:14:19.125,85.96
12-Nov-2023,03:20:00.90625,87.34
12-Nov-2023,05:02:06.28125,87.58
12-Nov-2023,09:21:22.34375,87.69
12-Nov-2023,12:38:40.03125,86.96
12-Nov-2023,14:01:02.625,86.77
12-Nov-2023,18:15:17.3125,86.34
12-Nov-2023,18:30:26,86.11
12-Nov-2023,20:54:40.90625,85.94
12-Nov-2023,23:49:44.375,85.76
13-Nov-2023,03:53:43.9375,87.21
13-Nov-2023,09:42:39.53125,87.30
13-Nov-2023,15:07:44.5,86.47
13-Nov-2023,21:47:49.9375,86.12
14-Nov-2023,00:52:39.78125,86.41
14-Nov-2023,04:22:16.8125,87.46
14-Nov-2023,09:45:36.8125,87.46
14-Nov-2023,13:42:16.875,86.82
14-Nov-2023,21:39:07.625,86.17
15-Nov-2023,00:28:24.0625,86.31
15-Nov-2023,03:17:19.84375,87.13
15-Nov-2023,06:29:11.40625,87.51
15-Nov-2023,10:34:24.6875,87.32
15-Nov-2023,17:17:11.9375,86.57
15-Nov-2023,22:38:26.96875,86.26
16-Nov-2023,01:25:59.6875,86.75
16-Nov-2023,05:15:14.96875,87.57
16-Nov-2023,10:06:29.53125,87.33
16-Nov-2023,15:10:02.6875,86.54
16-Nov-2023,20:08:31.375,86.23
16-Nov-2023,21:32:53.65625,86.06
17-Nov-2023,00:05:21.65625,86.21
17-Nov-2023,04:18:21.875,87.32
17-Nov-2023,08:22:33.6875,87.45
17-Nov-2023,14:30:25.34375,86.61
17-Nov-2023,18:03:33.40625,86.32
17-Nov-2023,21:15:25.875,86.03
17-Nov-2023,22:21:38.46875,85.91
18-Nov-2023,00:45:30.75,86.18
18-Nov-2023,04:20:52.34375,87.38
18-Nov-2023,07:10:41.40625,87.46
18-Nov-2023,07:10:48.4375,87.45
18-Nov-2023,07:12:46.65625,87.52
18-Nov-2023,07:12:53.65625,87.26
18-Nov-2023,07:12:56.6875,87.50
18-Nov-2023,07:49:48.8125,87.54
18-Nov-2023,15:19:40.5,86.38
18-Nov-2023,21:24:23.625,85.89
19-Nov-2023,00:34:04.53125,85.71
19-Nov-2023,03:03:57.75,86.59
19-Nov-2023,07:11:19.65625,87.27
19-Nov-2023,10:49:53.15625,86.74
19-Nov-2023,15:12:13.28125,86.44
19-Nov-2023,23:03:01.4375,85.84
20-Nov-2023,01:19:25.96875,86.20
20-Nov-2023,05:04:23.875,87.18
20-Nov-2023,05:32:24.25,87.29
20-Nov-2023,10:41:27.09375,86.98
20-Nov-2023,14:27:23.75,86.41
20-Nov-2023,20:46:43.96875,85.79
20-Nov-2023,21:07:21.90625,85.67
20-Nov-2023,23:37:01.5,85.64
21-Nov-2023,00:53:33.59375,85.98
21-Nov-2023,03:02:11.90625,87.14
21-Nov-2023,08:18:44.09375,87.43
21-Nov-2023,16:15:34.03125,86.21
21-Nov-2023,18:38:08.34375,86.03
21-Nov-2023,19:42:20.21875,86.43
22-Nov-2023,00:24:30.96875,86.39
22-Nov-2023,01:16:32.875,86.32
22-Nov-2023,01:16:58,86.09
22-Nov-2023,01:26:37.5,85.92
22-Nov-2023,01:26:41.5,85.62
22-Nov-2023,01:27:06.53125,85.54
22-Nov-2023,01:27:08.5625,85.17
22-Nov-2023,01:27:10.5625,86.11
22-Nov-2023,01:27:15.5625,85.72
22-Nov-2023,01:27:29.6875,85.71
22-Nov-2023,01:27:31.6875,85.26
22-Nov-2023,01:27:34.6875,86.04
22-Nov-2023,01:27:36.6875,85.98
22-Nov-2023,01:27:38.6875,76.96
22-Nov-2023,01:27:40.6875,63.36
22-Nov-2023,01:27:41.6875,58.82
22-Nov-2023,01:27:42.6875,54.93
22-Nov-2023,01:27:43.6875,51.46
22-Nov-2023,01:27:45.6875,45.60
22-Nov-2023,01:27:47.6875,40.79
22-Nov-2023,01:27:50.6875,34.98
22-Nov-2023,01:27:52.6875,31.92
22-Nov-2023,01:27:56.6875,27.05
22-Nov-2023,01:28:01.6875,22.62
22-Nov-2023,01:28:06.6875,19.35
22-Nov-2023,01:28:14.71875,15.55
22-Nov-2023,01:28:24.71875,12.34
22-Nov-2023,01:28:40.75,9.07
22-Nov-2023,01:29:01.8125,6.50
22-Nov-2023,01:29:35.0625,4.27
22-Nov-2023,01:30:32.28125,2.39
22-Nov-2023,01:32:40.4375,0.61
22-Nov-2023,01:33:35.59375,0.06
22-Nov-2023,02:54:41.8125,0.00
22-Nov-2023,02:54:43.8125,1.48
22-Nov-2023,02:54:46.8125,6.66
22-Nov-2023,02:54:50.8125,11.93
22-Nov-2023,02:54:54.8125,15.73
22-Nov-2023,02:54:57.8125,17.95
22-Nov-2023,02:55:02.8125,20.34
22-Nov-2023,02:55:08.8125,21.91
22-Nov-2023,02:55:18.8125,22.96
22-Nov-2023,02:55:31.84375,23.29
22-Nov-2023,02:57:51.0625,22.84
22-Nov-2023,02:57:53.0625,23.88
22-Nov-2023,02:57:55.0625,23.32
22-Nov-2023,02:58:00.0625,19.37
22-Nov-2023,02:58:06.09375,16.01
22-Nov-2023,02:58:15.125,12.58
22-Nov-2023,02:58:27.125,9.60
22-Nov-2023,02:58:45.15625,6.81
22-Nov-2023,02:59:11.15625,4.51
22-Nov-2023,02:59:58.21875,2.50
22-Nov-2023,03:01:37.25,0.78
22-Nov-2023,03:02:50.25,0.00
22-Nov-2023,03:02:52.25,0.27
22-Nov-2023,03:02:55.25,5.73
22-Nov-2023,03:02:59.25,11.12
22-Nov-2023,03:03:02.25,14.15
22-Nov-2023,03:03:06.25,17.11
22-Nov-2023,03:03:11.25,19.51
22-Nov-2023,03:03:17.28125,21.12
22-Nov-2023,03:03:29.28125,22.36
22-Nov-2023,03:03:45.28125,22.76
22-Nov-2023,03:06:00.625,22.75
22-Nov-2023,03:06:02.625,23.71
22-Nov-2023,03:06:04.65625,22.68
22-Nov-2023,03:06:09.65625,18.90
22-Nov-2023,03:06:16.65625,15.22
22-Nov-2023,03:06:25.65625,12.05
22-Nov-2023,03:06:39.65625,8.87
22-Nov-2023,03:07:01.71875,5.95
22-Nov-2023,03:07:33.78125,3.74
22-Nov-2023,03:08:31.8125,1.88
22-Nov-2023,03:10:45.03125,0.06
22-Nov-2023,04:22:02.53125,0.00
22-Nov-2023,04:22:04.53125,1.14
22-Nov-2023,04:22:07.53125,6.32
22-Nov-2023,04:22:09.53125,9.14
22-Nov-2023,04:22:13.53125,13.58
22-Nov-2023,04:22:18.53125,17.34
22-Nov-2023,04:22:24.53125,20.00
22-Nov-2023,04:22:32.53125,21.64
22-Nov-2023,04:22:47.53125,22.50
22-Nov-2023,04:29:05.75,22.45
22-Nov-2023,04:29:12.75,17.56
22-Nov-2023,04:29:19.75,14.29
22-Nov-2023,04:29:29.78125,11.08
22-Nov-2023,04:29:45.875,7.91
22-Nov-2023,04:30:07.90625,5.36
22-Nov-2023,04:30:43.90625,3.21
22-Nov-2023,04:31:51.0625,1.41
22-Nov-2023,04:33:34.15625,0.06
22-Nov-2023,05:42:32.71875,0.00
22-Nov-2023,05:42:33.71875,0.66
22-Nov-2023,05:42:37.71875,6.99
22-Nov-2023,05:42:41.71875,11.86
22-Nov-2023,05:42:45.71875,15.46
22-Nov-2023,05:42:50.71875,18.38
22-Nov-2023,05:42:56.75,20.41
22-Nov-2023,05:43:05.78125,21.71
22-Nov-2023,05:43:28.78125,22.40
22-Nov-2023,05:46:53.03125,22.33
22-Nov-2023,05:47:00.09375,17.54
22-Nov-2023,05:47:07.09375,14.24
22-Nov-2023,05:47:16.09375,11.31
22-Nov-2023,05:47:30.09375,8.35
22-Nov-2023,05:47:52.15625,5.55
22-Nov-2023,05:48:25.1875,3.37
22-Nov-2023,05:49:22.1875,1.61
22-Nov-2023,05:51:11.46875,0.06
22-Nov-2023,06:09:57.4375,0.16
22-Nov-2023,06:09:58.4375,1.42
22-Nov-2023,06:10:01.46875,6.21
22-Nov-2023,06:10:05.46875,11.22
22-Nov-2023,06:10:09.46875,14.90
22-Nov-2023,06:10:14.46875,17.93
22-Nov-2023,06:10:20.5,20.05
22-Nov-2023,06:10:29.53125,21.36
22-Nov-2023,06:10:53.53125,22.16
22-Nov-2023,06:15:37.09375,22.11
22-Nov-2023,06:15:38.09375,22.79
22-Nov-2023,06:15:47.09375,33.16
22-Nov-2023,06:15:53.09375,41.28
22-Nov-2023,06:15:58.09375,48.63
22-Nov-2023,06:16:01.09375,53.66
22-Nov-2023,06:16:06.09375,62.81
22-Nov-2023,06:16:07.09375,64.91
22-Nov-2023,06:16:08.09375,66.28
22-Nov-2023,06:16:09.09375,68.13
22-Nov-2023,06:16:12.09375,70.85
22-Nov-2023,06:16:13.09375,71.29
22-Nov-2023,06:16:15.09375,72.88
22-Nov-2023,06:16:17.125,74.27
22-Nov-2023,06:16:18.125,74.51
22-Nov-2023,06:16:19.125,74.25
22-Nov-2023,06:16:20.125,75.59
22-Nov-2023,06:16:21.125,76.49
22-Nov-2023,06:16:22.125,74.77
22-Nov-2023,06:16:23.15625,75.82
22-Nov-2023,06:16:24.15625,78.35
22-Nov-2023,06:16:25.15625,75.18
22-Nov-2023,06:16:26.15625,74.87
22-Nov-2023,06:16:27.15625,79.57
22-Nov-2023,06:16:28.15625,76.72
22-Nov-2023,06:16:29.15625,74.60
22-Nov-2023,06:16:30.15625,79.23
22-Nov-2023,06:16:31.15625,79.37
22-Nov-2023,06:16:32.15625,75.30
22-Nov-2023,06:16:34.15625,80.45
22-Nov-2023,06:16:35.15625,77.88
22-Nov-2023,06:16:36.15625,77.23
22-Nov-2023,06:16:37.15625,79.77
22-Nov-2023,06:16:38.15625,80.98
22-Nov-2023,06:16:39.15625,81.24
22-Nov-2023,06:16:40.15625,80.91
22-Nov-2023,06:16:42.15625,79.56
22-Nov-2023,06:16:45.1875,79.38
22-Nov-2023,06:16:48.1875,79.94
22-Nov-2023,06:16:54.21875,79.43
22-Nov-2023,06:19:23.3125,79.23
22-Nov-2023,06:21:22.375,79.33
22-Nov-2023,06:21:40.40625,79.45
22-Nov-2023,06:21:58.40625,79.32
22-Nov-2023,06:22:00.40625,79.59
22-Nov-2023,06:22:28.4375,79.98
22-Nov-2023,06:23:59.59375,80.18
22-Nov-2023,06:24:57.65625,80.52
22-Nov-2023,06:25:17.65625,80.98
22-Nov-2023,06:25:19.65625,80.71
22-Nov-2023,06:27:08.9375,80.98
22-Nov-2023,06:27:22.96875,81.07
22-Nov-2023,06:27:39.96875,81.58
22-Nov-2023,06:28:22.125,81.67
22-Nov-2023,06:28:53.1875,82.13
22-Nov-2023,06:31:21.40625,82.55
22-Nov-2023,06:31:38.40625,83.05
22-Nov-2023,06:32:01.40625,83.11
22-Nov-2023,06:32:36.40625,83.43
22-Nov-2023,06:32:55.4375,83.92
22-Nov-2023,06:40:31.125,84.30
22-Nov-2023,06:52:41.9375,84.62
22-Nov-2023,07:09:06.0625,84.89
22-Nov-2023,08:27:29.09375,85.02
22-Nov-2023,08:59:34.5625,85.00
22-Nov-2023,12:09:34.25,84.91
22-Nov-2023,13:00:14.03125,84.79
22-Nov-2023,14:47:42.875,84.78
22-Nov-2023,15:31:24.0625,84.58
22-Nov-2023,17:38:55.34375,84.41
22-Nov-2023,17:44:25.75,84.36
22-Nov-2023,18:09:47.625,84.20
22-Nov-2023,18:50:18.84375,84.06
22-Nov-2023,19:05:59.3125,84.11
22-Nov-2023,19:42:17.65625,84.00
22-Nov-2023,20:21:27.53125,83.88
22-Nov-2023,20:42:42.5,83.94
22-Nov-2023,20:53:42.5625,83.90
22-Nov-2023,21:08:00.40625,83.94
22-Nov-2023,21:55:34.0625,83.89
22-Nov-2023,22:07:09.9375,83.87
22-Nov-2023,22:27:53.15625,83.80
22-Nov-2023,22:51:13.0625,83.81
22-Nov-2023,23:16:07.84375,83.78
22-Nov-2023,23:24:53.375,83.89
22-Nov-2023,23:43:40.875,83.90
22-Nov-2023,23:43:55.875,84.15
23-Nov-2023,00:42:59.71875,84.23
23-Nov-2023,01:21:35.40625,84.38
23-Nov-2023,01:21:50.4375,83.93
23-Nov-2023,01:26:04.8125,83.77
23-Nov-2023,01:33:01.03125,83.59
23-Nov-2023,01:49:32.8125,83.67
23-Nov-2023,02:11:33.46875,83.67
23-Nov-2023,02:26:41.21875,83.93
23-Nov-2023,02:49:16.9375,83.92
23-Nov-2023,03:04:21.9375,84.06
23-Nov-2023,03:12:45.6875,84.13
23-Nov-2023,03:54:24.9375,84.25
23-Nov-2023,04:19:54.84375,84.33
23-Nov-2023,04:28:04.0625,84.53
23-Nov-2023,04:34:32.5625,84.65
23-Nov-2023,04:42:55.53125,84.48
23-Nov-2023,04:51:22,84.27
23-Nov-2023,05:03:22.84375,84.13
23-Nov-2023,05:19:25.9375,83.92
23-Nov-2023,06:16:15.9375,83.88
23-Nov-2023,07:44:40.03125,83.82
23-Nov-2023,07:45:39.09375,84.10
23-Nov-2023,07:47:22.3125,84.60
23-Nov-2023,07:47:52.3125,85.66
23-Nov-2023,07:48:30.34375,85.94
23-Nov-2023,07:48:49.34375,86.39
23-Nov-2023,07:49:24.40625,86.73
23-Nov-2023,08:53:34.09375,86.38
23-Nov-2023,15:47:35.625,85.10
23-Nov-2023,20:06:16.875,85.42
23-Nov-2023,20:18:24.90625,85.56
24-Nov-2023,00:29:22.71875,85.50
24-Nov-2023,04:32:12.75,85.59
24-Nov-2023,08:16:41.3125,85.98
24-Nov-2023,16:16:29.15625,85.77
24-Nov-2023,23:46:33.90625,85.26
25-Nov-2023,00:33:05.9375,85.16
25-Nov-2023,01:50:18.9375,85.68
25-Nov-2023,04:25:30.6875,86.36
25-Nov-2023,08:43:11.96875,86.50
25-Nov-2023,09:17:49.78125,86.23
25-Nov-2023,09:18:28.84375,85.37
25-Nov-2023,09:18:55.84375,84.95
25-Nov-2023,09:19:14.875,84.46
25-Nov-2023,09:20:15.0625,84.43
25-Nov-2023,09:20:43.125,83.57
25-Nov-2023,09:22:03.4375,83.52
25-Nov-2023,09:22:21.46875,82.81
25-Nov-2023,09:22:51.46875,82.48
25-Nov-2023,09:23:33.53125,80.88
25-Nov-2023,09:24:00.53125,80.98
25-Nov-2023,09:24:02.53125,81.39
25-Nov-2023,09:24:09.53125,76.63
25-Nov-2023,09:24:13.53125,73.09
25-Nov-2023,09:24:18.53125,67.08
25-Nov-2023,09:24:20.53125,66.47
25-Nov-2023,09:24:29.53125,65.84
25-Nov-2023,09:24:30.53125,66.07
25-Nov-2023,09:24:31.53125,65.81
25-Nov-2023,09:24:32.53125,66.06
25-Nov-2023,09:24:38.53125,65.97
25-Nov-2023,09:24:45.53125,66.07
25-Nov-2023,09:24:46.53125,65.79
25-Nov-2023,09:24:47.53125,66.07
25-Nov-2023,09:24:48.5625,65.81
25-Nov-2023,09:25:01.5625,65.81
25-Nov-2023,09:25:02.5625,66.09
25-Nov-2023,09:25:03.5625,65.86
25-Nov-2023,09:25:17.5625,66.09
25-Nov-2023,09:25:18.5625,65.83
25-Nov-2023,09:25:27.59375,65.86
25-Nov-2023,09:25:33.59375,65.81
25-Nov-2023,09:25:34.59375,66.05
25-Nov-2023,09:25:42.59375,65.83
25-Nov-2023,09:25:43.59375,66.10
25-Nov-2023,09:25:56.59375,66.10
25-Nov-2023,09:25:57.59375,65.83
25-Nov-2023,09:25:58.59375,66.11
25-Nov-2023,09:25:59.59375,65.82
25-Nov-2023,09:26:07.625,66.05
25-Nov-2023,09:26:12.625,65.84
25-Nov-2023,09:26:21.625,65.81
25-Nov-2023,09:26:22.625,66.08
25-Nov-2023,09:26:23.625,65.85
25-Nov-2023,09:26:29.625,66.07
25-Nov-2023,09:26:30.625,65.84
25-Nov-2023,09:26:33.625,66.06
25-Nov-2023,09:26:39.625,65.82
25-Nov-2023,09:26:40.65625,66.08
25-Nov-2023,09:27:03.71875,66.02
25-Nov-2023,09:27:11.75,65.84
25-Nov-2023,09:27:14.78125,66.05
25-Nov-2023,09:27:18.78125,65.84
25-Nov-2023,09:27:21.78125,66.02
25-Nov-2023,09:27:25.78125,65.82
25-Nov-2023,09:27:26.78125,66.08
25-Nov-2023,09:27:39.78125,65.91
25-Nov-2023,09:27:42.8125,65.84
25-Nov-2023,09:27:43.8125,66.09
25-Nov-2023,09:27:51.84375,66.03
25-Nov-2023,09:27:57.84375,65.83
25-Nov-2023,09:27:59.84375,65.90
25-Nov-2023,09:28:06.875,66.05
25-Nov-2023,09:28:09.875,65.91
25-Nov-2023,09:28:20.875,65.88
25-Nov-2023,09:28:21.875,66.10
25-Nov-2023,09:28:22.875,65.84
25-Nov-2023,09:28:29.875,66.04
25-Nov-2023,09:28:30.875,65.81
25-Nov-2023,09:28:34.875,66.07
25-Nov-2023,09:28:38.90625,65.87
25-Nov-2023,09:28:39.90625,66.08
25-Nov-2023,09:28:43.90625,65.84
25-Nov-2023,09:28:47.90625,66.05
25-Nov-2023,09:28:50.90625,65.95
25-Nov-2023,09:28:52.90625,66.11
25-Nov-2023,09:28:53.90625,65.86
25-Nov-2023,09:28:55.9375,65.98
25-Nov-2023,09:28:57.9375,63.45
25-Nov-2023,09:28:59.9375,53.95
25-Nov-2023,09:29:01.9375,46.99
25-Nov-2023,09:29:03.9375,41.50
25-Nov-2023,09:29:06.9375,35.11
25-Nov-2023,09:29:09.9375,30.35
25-Nov-2023,09:29:13.9375,25.60
25-Nov-2023,09:29:18.9375,21.29
25-Nov-2023,09:29:25.96875,17.05
25-Nov-2023,09:29:35.03125,13.44
25-Nov-2023,09:29:47.0625,10.35
25-Nov-2023,09:30:05.09375,7.47
25-Nov-2023,09:30:32.15625,5.05
25-Nov-2023,09:31:16.21875,3.07
25-Nov-2023,09:32:37.375,1.43
25-Nov-2023,09:34:47.625,0.06
25-Nov-2023,17:25:10.28125,0.00
26-Nov-2023,01:15:33.1875,0.00
26-Nov-2023,09:05:57.78125,0.00
26-Nov-2023,16:56:33.8125,0.00
27-Nov-2023,00:47:11.09375,0.00
27-Nov-2023,08:37:47.84375,0.00
27-Nov-2023,12:29:15.375,0.00
27-Nov-2023,20:19:52.9375,0.00
28-Nov-2023,04:10:28.71875,0.00
28-Nov-2023,12:01:05.96875,0.00
28-Nov-2023,19:51:44.40625,0.00
29-Nov-2023,03:42:24.84375,0.00
29-Nov-2023,11:32:59.6875,0.00
29-Nov-2023,19:23:31.71875,0.00
30-Nov-2023,03:14:05.5625,0.00
30-Nov-2023,11:04:41.15625,0.00
30-Nov-2023,18:55:13.75,0.00
1-Dec-2023,02:45:48.34375,0.00
1-Dec-2023,10:36:17.84375,0.00
1-Dec-2023,18:26:55.09375,0.00
2-Dec-2023,02:17:28.21875,0.00
2-Dec-2023,10:07:56.0625,0.00
2-Dec-2023,17:58:29.84375,0.00
3-Dec-2023,01:49:00.71875,0.00
3-Dec-2023,09:39:36.28125,0.00
3-Dec-2023,17:30:14.09375,0.00
4-Dec-2023,01:20:49.65625,0.00
4-Dec-2023,01:57:30.1875,Bad
4-Dec-2023,02:59:47.6875,0.00
4-Dec-2023,03:01:12.71875,Bad
4-Dec-2023,03:02:17.125,0.00
4-Dec-2023,10:52:52.90625,0.00
4-Dec-2023,18:43:28.53125,0.00
5-Dec-2023,02:34:03.28125,0.00
5-Dec-2023,10:24:36.5625,0.00
5-Dec-2023,18:15:10.5,0.00
6-Dec-2023,02:05:40.53125,0.00
6-Dec-2023,09:56:14.53125,0.00
6-Dec-2023,17:46:50.78125,0.00
7-Dec-2023,01:37:25,0.00
7-Dec-2023,09:27:59.125,0.00
7-Dec-2023,17:18:33.75,0.00
8-Dec-2023,01:09:10.34375,0.00
8-Dec-2023,08:59:47.9375,0.00
8-Dec-2023,10:00:21.96875,0.00
8-Dec-2023,10:00:22.96875,1.18
8-Dec-2023,10:00:24.96875,4.77
8-Dec-2023,10:00:27.96875,8.95
8-Dec-2023,10:00:31.96875,13.11
8-Dec-2023,10:00:35.96875,16.18
8-Dec-2023,10:00:40.96875,18.65
8-Dec-2023,10:00:47.96875,20.43
8-Dec-2023,10:01:00,21.54
8-Dec-2023,10:01:21.03125,22.10
8-Dec-2023,10:03:32.09375,22.27
8-Dec-2023,10:03:34.09375,22.95
8-Dec-2023,10:03:41.09375,17.75
8-Dec-2023,10:03:48.09375,14.29
8-Dec-2023,10:03:58.09375,10.95
8-Dec-2023,10:04:13.09375,7.81
8-Dec-2023,10:04:35.09375,5.10
8-Dec-2023,10:05:08.125,2.98
8-Dec-2023,10:06:05.1875,1.23
8-Dec-2023,10:07:27.25,0.02
8-Dec-2023,10:07:28.25,0.34
8-Dec-2023,10:07:30.25,2.68
8-Dec-2023,10:07:35.25,9.08
8-Dec-2023,10:07:39.25,13.09
8-Dec-2023,10:07:43.25,16.00
8-Dec-2023,10:07:49.28125,18.85
8-Dec-2023,10:07:56.28125,20.37
8-Dec-2023,10:08:02.28125,20.84
8-Dec-2023,10:08:09.28125,20.91
8-Dec-2023,10:08:14.28125,17.45
8-Dec-2023,10:08:15.34375,17.30
8-Dec-2023,10:08:21.375,19.50
8-Dec-2023,10:08:31.375,21.21
8-Dec-2023,10:08:38.375,21.70
8-Dec-2023,10:08:39.375,21.46
8-Dec-2023,10:08:45.375,17.18
8-Dec-2023,10:08:46.375,16.86
8-Dec-2023,10:08:50.40625,18.70
8-Dec-2023,10:08:58.5,20.56
8-Dec-2023,10:09:12.53125,21.75
8-Dec-2023,10:09:23.53125,21.76
8-Dec-2023,10:09:29.53125,17.40
8-Dec-2023,10:09:31.53125,16.32
8-Dec-2023,10:09:33.53125,16.48
8-Dec-2023,10:09:39.53125,19.05
8-Dec-2023,10:09:42.53125,17.80
8-Dec-2023,10:09:44.53125,16.62
8-Dec-2023,10:09:45.53125,16.63
8-Dec-2023,10:09:50.53125,18.87
8-Dec-2023,10:09:58.5625,20.72
8-Dec-2023,10:10:09.59375,21.64
8-Dec-2023,10:10:15.625,21.71
8-Dec-2023,10:10:21.625,17.47
8-Dec-2023,10:10:26.625,14.91
8-Dec-2023,10:10:27.625,14.79
8-Dec-2023,10:10:32.65625,17.67
8-Dec-2023,10:10:33.65625,18.09
8-Dec-2023,10:10:38.65625,15.54
8-Dec-2023,10:10:39.65625,15.56
8-Dec-2023,10:10:43.65625,18.81
8-Dec-2023,10:10:46.65625,22.42
8-Dec-2023,10:10:47.65625,22.70
8-Dec-2023,10:10:49.65625,24.52
8-Dec-2023,10:10:55.65625,32.29
8-Dec-2023,10:11:03.6875,43.86
8-Dec-2023,10:11:08.6875,51.89
8-Dec-2023,10:11:16.6875,66.99
8-Dec-2023,10:11:17.6875,68.53
8-Dec-2023,10:11:25.6875,74.05
8-Dec-2023,10:11:27.6875,74.97
8-Dec-2023,10:11:28.6875,75.79
8-Dec-2023,10:11:29.6875,76.21
8-Dec-2023,10:11:30.6875,75.33
8-Dec-2023,10:11:31.6875,76.38
8-Dec-2023,10:11:32.6875,78.14
8-Dec-2023,10:11:33.6875,76.57
8-Dec-2023,10:11:34.6875,76.57
8-Dec-2023,10:11:35.6875,79.73
8-Dec-2023,10:11:36.6875,78.25
8-Dec-2023,10:11:37.6875,77.34
8-Dec-2023,10:11:38.6875,79.96
8-Dec-2023,10:11:39.6875,80.83
8-Dec-2023,10:11:40.6875,79.52
8-Dec-2023,10:11:41.6875,80.00
8-Dec-2023,10:11:42.6875,81.13
8-Dec-2023,10:11:43.6875,81.64
8-Dec-2023,10:11:46.6875,81.45
8-Dec-2023,10:11:49.6875,80.70
8-Dec-2023,10:12:17.6875,80.81
8-Dec-2023,10:13:46.53125,80.34
8-Dec-2023,10:14:05.53125,81.52
8-Dec-2023,10:14:27.5625,81.82
8-Dec-2023,10:15:15.5625,81.96
8-Dec-2023,10:15:25.5625,82.06
8-Dec-2023,10:15:29.5625,82.26
8-Dec-2023,10:15:35.5625,82.19
8-Dec-2023,10:15:40.5625,82.07
8-Dec-2023,10:16:55.59375,82.14
8-Dec-2023,10:17:32.59375,83.56
8-Dec-2023,10:18:48.59375,85.66
8-Dec-2023,10:19:23.59375,86.05
8-Dec-2023,10:21:55.59375,86.43
8-Dec-2023,11:03:04.78125,86.75
8-Dec-2023,16:12:13.125,86.47
8-Dec-2023,17:58:37.625,86.80
8-Dec-2023,18:07:34.9375,86.55
8-Dec-2023,18:07:41.9375,86.34
8-Dec-2023,20:08:42.125,86.17
8-Dec-2023,22:53:53.09375,85.91
9-Dec-2023,00:41:31.53125,85.86
9-Dec-2023,03:09:05.15625,86.41
9-Dec-2023,03:45:19.25,86.47
9-Dec-2023,06:05:08.53125,86.40
9-Dec-2023,07:55:23.3125,86.63
9-Dec-2023,13:42:10.15625,85.92
9-Dec-2023,15:15:27.78125,85.64
9-Dec-2023,16:52:37.78125,85.55
9-Dec-2023,17:23:30.5625,85.59
9-Dec-2023,17:44:27.28125,85.57
9-Dec-2023,18:42:49.40625,85.41
9-Dec-2023,20:02:58.8125,85.32
9-Dec-2023,21:10:34.90625,85.11
9-Dec-2023,22:59:07.8125,85.14
10-Dec-2023,01:10:30.03125,85.38
10-Dec-2023,05:13:52.84375,86.29
10-Dec-2023,07:37:48.25,86.54
10-Dec-2023,11:15:09.90625,85.98
10-Dec-2023,17:14:24.53125,85.43
10-Dec-2023,18:35:07.5,85.20
10-Dec-2023,18:59:21.3125,85.14
10-Dec-2023,20:29:08.65625,84.92
10-Dec-2023,21:10:36.03125,84.95
11-Dec-2023,00:06:32.03125,84.84
11-Dec-2023,04:32:15.6875,86.64
11-Dec-2023,06:46:32.84375,86.83
11-Dec-2023,09:19:01.90625,86.81
11-Dec-2023,11:06:18.15625,86.42
11-Dec-2023,13:19:26.625,85.95
11-Dec-2023,15:10:51.15625,85.54
11-Dec-2023,18:09:39.6875,85.30
11-Dec-2023,21:43:12.0625,85.01
11-Dec-2023,23:26:34.9375,84.88
12-Dec-2023,01:32:52.625,85.68
12-Dec-2023,04:27:14.46875,86.72
12-Dec-2023,06:29:26.15625,87.01
12-Dec-2023,10:53:16.40625,86.68
12-Dec-2023,11:22:42.09375,86.50
12-Dec-2023,15:47:49.375,85.68
12-Dec-2023,21:08:48.59375,85.21
12-Dec-2023,23:19:34.59375,85.27
13-Dec-2023,00:52:27.96875,85.20
13-Dec-2023,00:53:52,83.93
13-Dec-2023,00:54:30.09375,83.43
13-Dec-2023,00:55:22.09375,83.18
13-Dec-2023,00:55:49.125,82.37
13-Dec-2023,00:56:37.21875,82.19
13-Dec-2023,00:56:49.21875,81.88
13-Dec-2023,01:00:00.34375,82.11
13-Dec-2023,01:00:31.375,82.55
13-Dec-2023,01:00:38.375,82.62
13-Dec-2023,01:00:44.40625,83.03
13-Dec-2023,01:09:45.03125,82.86
13-Dec-2023,01:10:09.03125,81.61
13-Dec-2023,01:11:19.09375,78.60
13-Dec-2023,01:11:26.09375,78.73
13-Dec-2023,01:11:30.09375,79.86
13-Dec-2023,01:11:43.09375,80.03
13-Dec-2023,01:12:17.09375,79.92
13-Dec-2023,01:12:24.09375,75.43
13-Dec-2023,01:12:27.09375,72.88
13-Dec-2023,01:12:30.09375,69.68
13-Dec-2023,01:12:32.09375,67.04
13-Dec-2023,01:12:33.09375,66.05
13-Dec-2023,01:12:35.09375,65.41
13-Dec-2023,01:12:42.09375,64.74
13-Dec-2023,01:12:43.09375,64.98
13-Dec-2023,01:12:44.09375,64.68
13-Dec-2023,01:12:45.09375,64.96
13-Dec-2023,01:12:46.09375,64.64
13-Dec-2023,01:12:47.09375,64.90
13-Dec-2023,01:12:53.09375,64.64
13-Dec-2023,01:12:54.09375,64.90
13-Dec-2023,01:12:55.09375,64.62
13-Dec-2023,01:12:56.09375,64.93
13-Dec-2023,01:12:57.09375,64.64
13-Dec-2023,01:12:58.09375,64.92
13-Dec-2023,01:12:59.09375,64.69
13-Dec-2023,01:13:05.09375,64.92
13-Dec-2023,01:13:06.09375,64.65
13-Dec-2023,01:13:07.09375,64.95
13-Dec-2023,01:13:08.09375,64.65
13-Dec-2023,01:13:09.09375,64.92
13-Dec-2023,01:13:11.09375,64.84
13-Dec-2023,01:13:16.125,64.90
13-Dec-2023,01:13:17.125,64.67
13-Dec-2023,01:13:18.125,64.95
13-Dec-2023,01:13:19.125,64.65
13-Dec-2023,01:13:20.125,64.95
13-Dec-2023,01:13:21.125,64.70
13-Dec-2023,01:13:26.125,64.70
13-Dec-2023,01:13:27.125,64.94
13-Dec-2023,01:13:28.125,64.66
13-Dec-2023,01:13:29.125,64.95
13-Dec-2023,01:13:30.125,64.65
13-Dec-2023,01:13:31.125,64.92
13-Dec-2023,01:13:33.125,64.85
13-Dec-2023,01:13:37.125,64.68
13-Dec-2023,01:13:38.125,64.92
13-Dec-2023,01:13:39.125,64.65
13-Dec-2023,01:13:40.125,64.95
13-Dec-2023,01:13:41.125,64.64
13-Dec-2023,01:13:42.125,64.91
13-Dec-2023,01:13:46.125,64.75
13-Dec-2023,01:13:48.125,64.70
13-Dec-2023,01:13:49.125,64.97
13-Dec-2023,01:13:50.125,64.65
13-Dec-2023,01:13:51.125,64.95
13-Dec-2023,01:13:52.125,64.68
13-Dec-2023,01:13:53.125,64.91
13-Dec-2023,01:13:59.15625,64.70
13-Dec-2023,01:14:00.15625,64.95
13-Dec-2023,01:14:01.15625,64.68
13-Dec-2023,01:14:02.15625,64.96
13-Dec-2023,01:14:03.15625,64.69
13-Dec-2023,01:14:05.15625,64.77
13-Dec-2023,01:14:10.15625,64.69
13-Dec-2023,01:14:11.15625,64.95
13-Dec-2023,01:14:12.15625,64.64
13-Dec-2023,01:14:13.15625,64.95
13-Dec-2023,01:14:14.15625,64.68
13-Dec-2023,01:14:16.15625,64.78
13-Dec-2023,01:14:20.15625,64.93
13-Dec-2023,01:14:21.15625,64.66
13-Dec-2023,01:14:22.15625,64.96
13-Dec-2023,01:14:23.15625,64.67
13-Dec-2023,01:14:24.15625,64.93
13-Dec-2023,01:14:30.15625,64.68
13-Dec-2023,01:14:31.15625,64.97
13-Dec-2023,01:14:32.15625,64.70
13-Dec-2023,01:14:38.15625,64.95
13-Dec-2023,01:14:39.15625,64.69
13-Dec-2023,01:14:40.15625,64.94
13-Dec-2023,01:14:41.15625,64.69
13-Dec-2023,01:14:45.15625,64.91
13-Dec-2023,01:14:46.15625,64.70
13-Dec-2023,01:14:47.15625,64.94
13-Dec-2023,01:14:48.15625,64.70
13-Dec-2023,01:14:49.15625,64.97
13-Dec-2023,01:14:53.15625,64.77
13-Dec-2023,01:14:54.15625,64.93
13-Dec-2023,01:14:55.15625,64.68
13-Dec-2023,01:14:56.15625,64.95
13-Dec-2023,01:14:57.15625,64.70
13-Dec-2023,01:15:01.15625,64.90
13-Dec-2023,01:15:02.15625,64.70
13-Dec-2023,01:15:03.15625,64.95
13-Dec-2023,01:15:04.15625,64.67
13-Dec-2023,01:15:05.15625,64.92
13-Dec-2023,01:15:09.15625,64.72
13-Dec-2023,01:15:10.15625,64.94
13-Dec-2023,01:15:11.15625,64.66
13-Dec-2023,01:15:12.15625,64.95
13-Dec-2023,01:15:16.15625,64.71
13-Dec-2023,01:15:17.15625,64.99
13-Dec-2023,01:15:18.15625,64.67
13-Dec-2023,01:15:19.15625,64.92
13-Dec-2023,01:15:23.15625,64.72
13-Dec-2023,01:15:24.15625,64.97
13-Dec-2023,01:15:25.15625,64.70
13-Dec-2023,01:15:29.15625,64.90
13-Dec-2023,01:15:30.15625,64.71
13-Dec-2023,01:15:31.15625,64.97
13-Dec-2023,01:15:32.15625,64.71
13-Dec-2023,01:15:36.15625,64.93
13-Dec-2023,01:15:37.15625,64.70
13-Dec-2023,01:15:38.15625,64.94
13-Dec-2023,01:15:42.15625,64.74
13-Dec-2023,01:15:43.15625,64.97
13-Dec-2023,01:15:44.15625,64.72
13-Dec-2023,01:15:48.15625,64.94
13-Dec-2023,01:15:49.15625,64.66
13-Dec-2023,01:15:50.15625,64.95
13-Dec-2023,01:15:54.15625,64.71
13-Dec-2023,01:15:55.15625,64.96
13-Dec-2023,01:15:57.1875,64.86
13-Dec-2023,01:15:59.1875,64.71
13-Dec-2023,01:16:00.1875,64.96
13-Dec-2023,01:16:01.21875,64.71
13-Dec-2023,01:16:05.21875,64.96
13-Dec-2023,01:16:06.21875,64.71
13-Dec-2023,01:16:10.21875,64.96
13-Dec-2023,01:16:11.21875,64.68
13-Dec-2023,01:16:13.21875,64.80
13-Dec-2023,01:16:15.21875,64.93
13-Dec-2023,01:16:16.21875,64.70
13-Dec-2023,01:16:18.21875,64.80
13-Dec-2023,01:16:20.25,64.94
13-Dec-2023,01:16:21.25,64.71
13-Dec-2023,01:16:25.25,64.94
13-Dec-2023,01:16:26.25,64.69
13-Dec-2023,01:16:28.25,64.82
13-Dec-2023,01:16:30.25,64.98
13-Dec-2023,01:16:31.25,64.71
13-Dec-2023,01:16:33.25,64.83
13-Dec-2023,01:16:35.25,64.98
13-Dec-2023,01:16:36.25,64.70
13-Dec-2023,01:16:38.25,64.84
13-Dec-2023,01:16:40.25,64.99
13-Dec-2023,01:16:41.25,64.72
13-Dec-2023,01:16:45.28125,64.97
13-Dec-2023,01:16:46.28125,64.71
13-Dec-2023,01:16:50.28125,64.96
13-Dec-2023,01:16:51.28125,64.73
13-Dec-2023,01:16:55.28125,64.99
13-Dec-2023,01:16:56.28125,64.74
13-Dec-2023,01:17:00.28125,64.99
13-Dec-2023,01:17:02.28125,64.89
13-Dec-2023,01:17:04.28125,64.71
13-Dec-2023,01:17:05.28125,65.01
13-Dec-2023,01:17:07.28125,64.87
13-Dec-2023,01:17:09.28125,64.73
13-Dec-2023,01:17:10.28125,65.00
13-Dec-2023,01:17:11.28125,64.78
13-Dec-2023,01:17:12.28125,62.93
13-Dec-2023,01:17:13.28125,57.58
13-Dec-2023,01:17:14.28125,53.18
13-Dec-2023,01:17:15.28125,49.42
13-Dec-2023,01:17:17.28125,43.25
13-Dec-2023,01:17:19.28125,38.33
13-Dec-2023,01:17:22.28125,32.59
13-Dec-2023,01:17:25.28125,28.28
13-Dec-2023,01:17:29.28125,23.89
13-Dec-2023,01:17:34.28125,19.95
13-Dec-2023,01:17:39.28125,17.04
13-Dec-2023,01:17:48.28125,13.36
13-Dec-2023,01:18:00.28125,10.20
13-Dec-2023,01:18:18.28125,7.33
13-Dec-2023,01:18:46.28125,4.90
13-Dec-2023,01:19:32.28125,2.89
13-Dec-2023,01:20:58.3125,1.25
13-Dec-2023,01:22:57.375,0.00
13-Dec-2023,09:13:13.4375,0.00
13-Dec-2023,17:03:32.40625,0.00
14-Dec-2023,00:53:49.59375,0.00
14-Dec-2023,08:44:02.6875,0.00
14-Dec-2023,16:34:21.09375,0.00
15-Dec-2023,00:24:34.90625,0.00
15-Dec-2023,08:14:55.90625,0.00
15-Dec-2023,16:05:16.0625,0.00
15-Dec-2023,23:55:43.90625,0.00
16-Dec-2023,07:46:06.21875,0.00
16-Dec-2023,15:36:29.34375,0.00
16-Dec-2023,23:26:55.9375,0.00
17-Dec-2023,07:17:11.84375,0.00
17-Dec-2023,15:07:32.9375,0.00
17-Dec-2023,22:57:56.84375,0.00
18-Dec-2023,06:48:25.09375,0.00
18-Dec-2023,14:38:47.375,0.00
18-Dec-2023,22:29:11.875,0.00
19-Dec-2023,06:19:31.78125,0.00
19-Dec-2023,14:09:49.65625,0.00
19-Dec-2023,22:00:08.125,0.00
20-Dec-2023,05:50:25.3125,0.00
20-Dec-2023,13:40:50.90625,0.00
20-Dec-2023,21:31:15.375,0.00
21-Dec-2023,05:21:34.8125,0.00
21-Dec-2023,13:11:53.90625,0.00
21-Dec-2023,21:02:09,0.00
22-Dec-2023,04:52:29,0.00
22-Dec-2023,12:42:54,0.00
22-Dec-2023,20:33:14.53125,0.00
23-Dec-2023,04:23:31.0625,0.00
23-Dec-2023,12:13:54.3125,0.00
23-Dec-2023,20:04:13.84375,0.00
24-Dec-2023,03:54:38.28125,0.00
24-Dec-2023,11:44:50.3125,0.00
24-Dec-2023,19:35:04.3125,0.00
25-Dec-2023,03:25:16.4375,0.00
25-Dec-2023,11:15:28.59375,0.00
25-Dec-2023,19:05:41.34375,0.00
26-Dec-2023,02:55:53.15625,0.00
26-Dec-2023,10:45:59.09375,0.00
26-Dec-2023,18:36:11.90625,0.00
27-Dec-2023,02:26:24.5,0.00
27-Dec-2023,10:16:39.8125,0.00
27-Dec-2023,18:07:00.875,0.00
28-Dec-2023,01:57:19.625,0.00
28-Dec-2023,09:47:30.375,0.00
28-Dec-2023,17:37:47.0625,0.00
29-Dec-2023,01:28:06.75,0.00
29-Dec-2023,09:18:26.5625,0.00
29-Dec-2023,17:08:39.875,0.00
30-Dec-2023,00:58:54.4375,0.00
30-Dec-2023,08:49:15.5625,0.00
30-Dec-2023,16:39:34.6875,0.00
31-Dec-2023,00:29:48.0625,0.00
31-Dec-2023,08:20:04.34375,0.00
31-Dec-2023,16:10:14.15625,0.00
1-Jan-2024,00:00:27.6875,0.00
1-Jan-2024,07:50:33.375,0.00
1-Jan-2024,15:40:38.40625,0.00
1-Jan-2024,23:30:51.28125,0.00
2-Jan-2024,07:21:08.9375,0.00
2-Jan-2024,15:11:34.84375,0.00
2-Jan-2024,23:01:52.15625,0.00
3-Jan-2024,06:52:11.5,0.00
3-Jan-2024,14:42:36.40625,0.00
3-Jan-2024,22:32:57.59375,0.00
4-Jan-2024,06:23:10.5625,0.00
4-Jan-2024,14:13:29.75,0.00
4-Jan-2024,22:03:49.1875,0.00
5-Jan-2024,05:54:08.78125,0.00
5-Jan-2024,13:44:30.25,0.00
5-Jan-2024,21:34:50.96875,0.00
6-Jan-2024,05:25:07.6875,0.00
6-Jan-2024,13:15:25.15625,0.00
6-Jan-2024,21:05:45.65625,0.00
7-Jan-2024,04:56:06.25,0.00
7-Jan-2024,12:46:32.875,0.00
7-Jan-2024,20:36:53.71875,0.00
8-Jan-2024,04:27:08.75,0.00
8-Jan-2024,12:17:28.75,0.00
8-Jan-2024,20:07:48.21875,0.00
9-Jan-2024,03:58:08.84375,0.00
9-Jan-2024,11:48:29.625,0.00
9-Jan-2024,19:38:44.46875,0.00
10-Jan-2024,03:29:05.4375,0.00
10-Jan-2024,11:19:30.90625,0.00
10-Jan-2024,19:09:49.78125,0.00
11-Jan-2024,03:00:11.8125,0.00
11-Jan-2024,10:50:29.75,0.00
11-Jan-2024,18:40:46.75,0.00
12-Jan-2024,02:31:05.84375,0.00
12-Jan-2024,10:21:33.78125,0.00
12-Jan-2024,18:11:53.21875,0.00
13-Jan-2024,02:02:09.0625,0.00
13-Jan-2024,09:52:27.4375,0.00
13-Jan-2024,17:42:45.75,0.00
14-Jan-2024,01:33:06.28125,0.00
14-Jan-2024,09:23:26.09375,0.00
14-Jan-2024,17:13:44.71875,0.00
15-Jan-2024,01:04:02.75,0.00
15-Jan-2024,08:54:29.40625,0.00
15-Jan-2024,16:45:00.125,0.00
16-Jan-2024,00:35:33.40625,0.00
16-Jan-2024,02:25:31.0625,0.00
16-Jan-2024,02:25:32.0625,0.62
16-Jan-2024,02:25:33.0625,2.73
16-Jan-2024,02:25:36.0625,7.53
16-Jan-2024,02:25:40.0625,12.37
16-Jan-2024,02:25:42.0625,14.18
16-Jan-2024,02:25:54.0625,10.17
16-Jan-2024,02:26:08.0625,7.23
16-Jan-2024,02:26:30.09375,4.48
16-Jan-2024,02:27:03.125,2.32
16-Jan-2024,02:27:57.125,0.71
16-Jan-2024,02:28:49.125,0.07
16-Jan-2024,10:19:05.75,0.00
16-Jan-2024,14:09:12.6875,0.00
24-Jan-2024,08:08:17.375,0.00
24-Jan-2024,08:09:23.40625,0.00
24-Jan-2024,15:59:39.4375,0.00
24-Jan-2024,23:49:45.1875,0.00
25-Jan-2024,07:39:50.59375,0.00
25-Jan-2024,15:29:56.375,0.00
25-Jan-2024,23:20:08.6875,0.00
26-Jan-2024,07:10:16.25,0.00
26-Jan-2024,15:00:22.15625,0.00
26-Jan-2024,22:50:33.25,0.00
27-Jan-2024,06:40:48.875,0.00
27-Jan-2024,14:31:02.21875,0.00
27-Jan-2024,22:21:08.84375,0.00
28-Jan-2024,06:11:29.53125,0.00
28-Jan-2024,14:01:39.15625,0.00
28-Jan-2024,21:51:49.21875,0.00
29-Jan-2024,05:42:02.3125,0.00
29-Jan-2024,06:29:23.5,0.00
29-Jan-2024,13:17:33.09375,Bad
29-Jan-2024,13:17:39.09375,0.00
29-Jan-2024,13:17:41.09375,Bad
29-Jan-2024,13:17:41.15625,0.00
29-Jan-2024,21:07:52.1875,0.00
30-Jan-2024,04:57:58.96875,0.00
30-Jan-2024,12:48:11.25,0.00
30-Jan-2024,20:38:25.78125,0.00
31-Jan-2024,04:28:39,0.00
31-Jan-2024,12:18:47.1875,0.00
31-Jan-2024,20:08:57.875,0.00
1-Feb-2024,03:59:11.625,0.00
1-Feb-2024,11:49:24.09375,0.00
1-Feb-2024,19:39:36.8125,0.00
2-Feb-2024,03:29:44.84375,0.00
2-Feb-2024,11:19:57.59375,0.00
2-Feb-2024,19:10:09.34375,0.00
3-Feb-2024,03:00:22.875,0.00
3-Feb-2024,10:50:37.53125,0.00
3-Feb-2024,18:40:49.34375,0.00
4-Feb-2024,02:30:56,0.00
4-Feb-2024,10:21:07.65625,0.00
4-Feb-2024,18:11:22.09375,0.00
5-Feb-2024,02:01:28.625,0.00
5-Feb-2024,09:51:41.375,0.00
5-Feb-2024,17:41:46.75,0.00
6-Feb-2024,01:31:59.0625,0.00
6-Feb-2024,09:22:05.3125,0.00
6-Feb-2024,17:12:17.5,0.00
7-Feb-2024,01:02:24.8125,0.00
7-Feb-2024,08:52:37.28125,0.00
7-Feb-2024,16:42:51.375,0.00
8-Feb-2024,00:33:03.46875,0.00
8-Feb-2024,08:23:10.21875,0.00
8-Feb-2024,16:13:15.75,0.00
9-Feb-2024,00:03:29.46875,0.00
9-Feb-2024,07:53:42.375,0.00
9-Feb-2024,15:43:52.28125,0.00
9-Feb-2024,23:34:02,0.00
10-Feb-2024,07:24:20.5,0.00
10-Feb-2024,15:14:38.875,0.00
10-Feb-2024,23:04:58.78125,0.00
11-Feb-2024,06:55:18.03125,0.00
11-Feb-2024,14:45:40.3125,0.00
11-Feb-2024,22:36:06.78125,0.00
12-Feb-2024,06:26:30.90625,0.00
12-Feb-2024,14:16:49.03125,0.00
12-Feb-2024,22:07:12.71875,0.00
13-Feb-2024,05:57:37.46875,0.00
13-Feb-2024,13:48:02.71875,0.00
13-Feb-2024,21:38:25.125,0.00
14-Feb-2024,02:51:16.59375,0.00
14-Feb-2024,02:51:17.59375,2.21
14-Feb-2024,02:51:20.59375,7.09
14-Feb-2024,02:51:23.59375,10.91
14-Feb-2024,02:51:27.59375,14.64
14-Feb-2024,02:51:32.59375,17.68
14-Feb-2024,02:51:38.59375,19.70
14-Feb-2024,02:51:47.59375,21.08
14-Feb-2024,02:52:04.59375,21.90
14-Feb-2024,02:54:25.59375,22.25
14-Feb-2024,02:54:26.59375,23.11
14-Feb-2024,02:54:35.59375,34.24
14-Feb-2024,02:54:42.59375,44.62
14-Feb-2024,02:54:46.59375,50.85
14-Feb-2024,02:54:49.59375,55.98
14-Feb-2024,02:54:54.59375,65.16
14-Feb-2024,02:54:56.59375,68.36
14-Feb-2024,02:54:57.59375,68.97
14-Feb-2024,02:54:58.59375,70.00
14-Feb-2024,02:55:00.59375,71.23
14-Feb-2024,02:55:02.59375,72.67
14-Feb-2024,02:55:04.59375,74.05
14-Feb-2024,02:55:06.59375,74.02
14-Feb-2024,02:55:07.59375,75.94
14-Feb-2024,02:55:08.59375,75.39
14-Feb-2024,02:55:09.59375,73.77
14-Feb-2024,02:55:10.59375,76.89
14-Feb-2024,02:55:11.59375,77.18
14-Feb-2024,02:55:12.59375,73.54
14-Feb-2024,02:55:13.59375,77.00
14-Feb-2024,02:55:14.59375,79.11
14-Feb-2024,02:55:15.59375,74.59
14-Feb-2024,02:55:16.59375,76.38
14-Feb-2024,02:55:17.59375,79.94
14-Feb-2024,02:55:18.59375,76.14
14-Feb-2024,02:55:19.59375,75.18
14-Feb-2024,02:55:20.59375,79.31
14-Feb-2024,02:55:21.59375,79.09
14-Feb-2024,02:55:22.59375,76.04
14-Feb-2024,02:55:23.59375,78.41
14-Feb-2024,02:55:24.59375,80.13
14-Feb-2024,02:55:26.59375,78.27
14-Feb-2024,02:55:27.59375,79.37
14-Feb-2024,02:55:29.59375,80.16
14-Feb-2024,02:55:31.59375,79.78
14-Feb-2024,02:55:34.59375,79.02
14-Feb-2024,02:55:38.59375,79.38
14-Feb-2024,02:55:55.59375,79.14
14-Feb-2024,02:58:55.53125,79.20
14-Feb-2024,02:59:05.53125,79.83
14-Feb-2024,02:59:12.53125,79.89
14-Feb-2024,03:00:47.5625,79.79
14-Feb-2024,03:01:13.5625,80.32
14-Feb-2024,03:01:21.5625,80.43
14-Feb-2024,03:01:26.5625,80.29
14-Feb-2024,03:01:29.5625,80.53
14-Feb-2024,03:04:48.78125,81.06
14-Feb-2024,03:05:08.8125,81.60
14-Feb-2024,03:05:24.8125,82.05
14-Feb-2024,03:05:30.8125,81.90
14-Feb-2024,03:05:56.84375,82.06
14-Feb-2024,03:07:13.9375,82.33
14-Feb-2024,03:07:44.96875,82.60
14-Feb-2024,03:11:04.03125,82.81
14-Feb-2024,03:11:22.0625,82.88
14-Feb-2024,03:13:58.15625,83.06
14-Feb-2024,03:17:25.1875,83.36
14-Feb-2024,03:17:55.1875,84.11
14-Feb-2024,03:31:50.46875,84.51
14-Feb-2024,03:36:20.59375,84.65
14-Feb-2024,03:54:15.96875,84.84
14-Feb-2024,04:02:01.3125,84.75
14-Feb-2024,04:05:34.5,84.74
14-Feb-2024,04:19:50,85.12
14-Feb-2024,06:05:04.25,85.62
14-Feb-2024,07:03:39.0625,85.83
14-Feb-2024,08:46:44.90625,85.93
14-Feb-2024,08:47:39.9375,86.12
14-Feb-2024,09:35:50.40625,86.26
14-Feb-2024,09:36:01.40625,86.48
14-Feb-2024,13:05:21.21875,85.85
14-Feb-2024,17:17:42.03125,85.28
14-Feb-2024,20:21:46.25,84.96
14-Feb-2024,20:59:56.4375,85.05
14-Feb-2024,23:05:39.5,85.07
14-Feb-2024,23:35:20.34375,85.47
15-Feb-2024,06:06:43.65625,86.60
15-Feb-2024,09:46:56.75,86.88
15-Feb-2024,09:47:07.75,86.99
15-Feb-2024,15:15:36.15625,86.14
15-Feb-2024,17:54:40.96875,85.95
15-Feb-2024,20:47:15.46875,85.76
15-Feb-2024,23:18:02.3125,85.54
16-Feb-2024,00:11:38.34375,85.25
16-Feb-2024,03:18:13.8125,86.32
16-Feb-2024,04:25:51.5625,86.48
16-Feb-2024,04:25:59.59375,86.24
16-Feb-2024,08:36:30.15625,86.67
16-Feb-2024,10:35:49.8125,86.47
16-Feb-2024,12:35:00.21875,85.81
16-Feb-2024,14:15:57.53125,85.89
16-Feb-2024,16:18:40.875,85.75
16-Feb-2024,17:53:44.40625,85.58
16-Feb-2024,19:28:33.40625,85.49
16-Feb-2024,22:08:56.71875,85.24
17-Feb-2024,02:01:51.21875,85.35
17-Feb-2024,06:20:25.1875,85.93
17-Feb-2024,07:03:23.78125,85.77
17-Feb-2024,07:03:32.78125,85.51
17-Feb-2024,07:30:38.28125,85.44
17-Feb-2024,07:30:47.28125,85.21
17-Feb-2024,07:44:47.59375,85.19
17-Feb-2024,10:21:19.9375,85.29
17-Feb-2024,12:35:01.40625,85.02
17-Feb-2024,15:04:21.96875,84.72
17-Feb-2024,15:27:23.40625,84.51
17-Feb-2024,16:30:14.5625,84.38
17-Feb-2024,17:35:46.5,84.49
17-Feb-2024,17:54:21.875,84.35
17-Feb-2024,18:48:22.03125,84.35
17-Feb-2024,19:11:49.6875,84.23
17-Feb-2024,19:41:13.28125,84.13
17-Feb-2024,20:05:26.71875,83.75
17-Feb-2024,20:07:11.71875,83.87
17-Feb-2024,20:45:08.65625,84.15
17-Feb-2024,21:23:25.125,83.99
17-Feb-2024,21:43:39.71875,83.91
17-Feb-2024,22:05:45.125,83.88
17-Feb-2024,22:19:39.34375,83.90
17-Feb-2024,22:38:55.65625,83.99
17-Feb-2024,22:58:10.90625,83.95
17-Feb-2024,23:21:21.375,83.77
17-Feb-2024,23:34:25.59375,83.98
17-Feb-2024,23:55:31.25,83.87
18-Feb-2024,00:19:38.90625,83.95
18-Feb-2024,00:38:28.25,83.98
18-Feb-2024,00:38:44.25,84.59
18-Feb-2024,01:09:05.96875,84.91
18-Feb-2024,02:13:37.96875,85.20
18-Feb-2024,03:13:24.125,85.47
18-Feb-2024,08:13:08.9375,86.39
18-Feb-2024,09:01:49.875,86.62
18-Feb-2024,09:02:02.875,87.19
18-Feb-2024,10:10:47.1875,87.39
18-Feb-2024,15:48:40.78125,86.64
18-Feb-2024,23:38:53.21875,85.88
19-Feb-2024,06:28:56.9375,87.24
19-Feb-2024,11:19:08.46875,86.89
19-Feb-2024,19:18:23.09375,85.99
20-Feb-2024,00:00:16.125,85.73
20-Feb-2024,05:40:21.65625,87.09
20-Feb-2024,10:36:30,87.06
20-Feb-2024,15:10:02.03125,86.20
20-Feb-2024,17:57:05.375,85.92
20-Feb-2024,21:07:39.0625,85.55
20-Feb-2024,23:53:14.78125,85.31
21-Feb-2024,01:59:19.71875,86.05
21-Feb-2024,03:32:59.8125,86.26
21-Feb-2024,03:33:10.8125,86.35
21-Feb-2024,07:24:47.9375,86.68
21-Feb-2024,07:32:03.09375,86.45
21-Feb-2024,07:32:37.09375,85.36
21-Feb-2024,07:35:38.125,85.02
21-Feb-2024,07:36:05.125,84.23
21-Feb-2024,07:41:18.1875,84.34
21-Feb-2024,08:03:08.09375,84.00
21-Feb-2024,08:57:13.375,84.01
21-Feb-2024,09:46:09.03125,84.05
21-Feb-2024,13:24:47.28125,83.63
21-Feb-2024,15:58:18.46875,83.29
21-Feb-2024,16:22:08.78125,83.36
21-Feb-2024,18:06:16.3125,83.03
21-Feb-2024,18:42:56.75,83.01
21-Feb-2024,20:15:55.875,82.83
21-Feb-2024,20:41:38.09375,82.74
21-Feb-2024,21:57:38.875,82.71
21-Feb-2024,22:31:06.75,82.64
21-Feb-2024,23:00:55.125,82.74
22-Feb-2024,00:58:38.625,82.89
22-Feb-2024,02:53:00.0625,83.53
22-Feb-2024,03:57:04.875,83.73
22-Feb-2024,05:59:17.34375,84.00
22-Feb-2024,07:18:16.53125,84.13
22-Feb-2024,07:38:25.6875,83.97
22-Feb-2024,08:22:14.28125,83.93
22-Feb-2024,08:52:03.71875,84.10
22-Feb-2024,08:57:14.78125,84.13
22-Feb-2024,08:58:59.84375,84.32
22-Feb-2024,08:59:23.84375,84.70
22-Feb-2024,09:00:03.84375,86.10
22-Feb-2024,09:45:46.375,85.80
22-Feb-2024,09:45:49.375,85.52
22-Feb-2024,15:18:01.09375,85.00
22-Feb-2024,18:37:53.9375,84.48
22-Feb-2024,23:48:12.28125,84.15
23-Feb-2024,01:27:38.78125,84.84
23-Feb-2024,04:07:09.375,85.70
23-Feb-2024,05:07:09.09375,85.87
23-Feb-2024,05:59:39.71875,85.80
23-Feb-2024,06:25:20,86.02
23-Feb-2024,06:33:46.125,85.91
23-Feb-2024,09:54:38,86.09
23-Feb-2024,12:57:38.3125,85.84
23-Feb-2024,13:44:30.875,85.85
23-Feb-2024,15:40:59.53125,85.50
23-Feb-2024,20:55:45.625,85.18
23-Feb-2024,22:46:39.125,84.98
23-Feb-2024,23:20:03.5625,85.06
24-Feb-2024,00:42:46.5,85.11
24-Feb-2024,02:16:10.09375,85.82
24-Feb-2024,03:21:57.09375,86.05
24-Feb-2024,05:10:32.6875,86.29
24-Feb-2024,09:13:22.28125,85.96
24-Feb-2024,11:14:32.3125,85.43
24-Feb-2024,14:29:53.59375,84.95
24-Feb-2024,17:29:33.4375,85.02
24-Feb-2024,19:34:42.25,85.07
24-Feb-2024,21:19:01.25,84.79
24-Feb-2024,21:43:55.25,84.70
25-Feb-2024,00:01:50.78125,84.84
25-Feb-2024,04:45:37.75,85.30
25-Feb-2024,05:59:42.21875,85.43
25-Feb-2024,10:25:19.21875,85.37
25-Feb-2024,12:07:55.65625,85.10
25-Feb-2024,13:20:23.4375,84.98
25-Feb-2024,14:51:28.84375,84.55
25-Feb-2024,15:05:10.96875,84.54
25-Feb-2024,16:19:28.96875,84.40
25-Feb-2024,17:08:47.625,84.23
25-Feb-2024,22:57:25.375,83.83
26-Feb-2024,00:16:53.46875,84.17
26-Feb-2024,03:41:54.34375,85.50
26-Feb-2024,07:34:36.28125,86.02
26-Feb-2024,10:35:40.375,85.99
26-Feb-2024,12:44:46.78125,85.39
26-Feb-2024,14:05:15.875,85.31
26-Feb-2024,17:46:26.46875,84.74
26-Feb-2024,23:07:19.125,84.45
27-Feb-2024,00:31:46.28125,84.60
27-Feb-2024,02:10:49.84375,85.77
27-Feb-2024,07:43:30.1875,86.38
27-Feb-2024,12:44:07.875,85.49
27-Feb-2024,17:07:33.78125,85.00
27-Feb-2024,18:22:41,84.79
27-Feb-2024,21:07:15.21875,84.62
27-Feb-2024,22:22:46.125,84.36
28-Feb-2024,00:07:57.8125,84.56
28-Feb-2024,02:37:36.9375,85.05
28-Feb-2024,04:39:38.90625,85.43
28-Feb-2024,05:02:55.125,85.45
28-Feb-2024,07:20:34.25,85.67
28-Feb-2024,07:21:25.25,85.61
28-Feb-2024,07:21:45.28125,85.63
28-Feb-2024,09:00:45.90625,85.59
28-Feb-2024,09:00:53.90625,85.56
28-Feb-2024,11:43:15.03125,85.44
28-Feb-2024,15:33:02.4375,85.05
28-Feb-2024,22:43:31.84375,84.52
28-Feb-2024,23:19:45.03125,84.44
29-Feb-2024,00:23:40,84.71
29-Feb-2024,01:56:14.625,84.93
29-Feb-2024,01:56:37.625,84.42
29-Feb-2024,01:57:23.65625,84.30
29-Feb-2024,02:00:02.78125,84.15
29-Feb-2024,02:00:17.78125,83.65
29-Feb-2024,02:00:56.78125,83.37
29-Feb-2024,02:01:23.84375,83.11
29-Feb-2024,02:04:28.96875,83.23
29-Feb-2024,02:04:43.96875,84.00
29-Feb-2024,02:11:02.5,83.84
29-Feb-2024,02:11:13.5,83.41
29-Feb-2024,02:18:04.6875,83.36
29-Feb-2024,02:18:13.6875,82.98
29-Feb-2024,02:18:46.6875,82.89
29-Feb-2024,02:49:00.25,82.97
29-Feb-2024,03:37:22.125,83.03
29-Feb-2024,04:52:57.53125,83.36
29-Feb-2024,05:12:47.875,83.33
29-Feb-2024,05:31:44.46875,83.35
29-Feb-2024,05:56:52.15625,83.39
29-Feb-2024,06:39:51.6875,83.50
29-Feb-2024,07:13:54.3125,83.44
29-Feb-2024,08:03:21.5625,83.43
29-Feb-2024,08:32:17.0625,83.52
29-Feb-2024,08:32:32.0625,83.75
29-Feb-2024,08:32:50.0625,84.65
29-Feb-2024,08:34:33.125,84.86
29-Feb-2024,08:35:13.1875,85.67
29-Feb-2024,12:04:13.1875,85.26
29-Feb-2024,14:59:55.15625,84.86
29-Feb-2024,22:12:27.375,84.81
1-Mar-2024,00:26:15.0625,84.77
1-Mar-2024,03:20:21.625,85.54
1-Mar-2024,07:15:27.90625,85.96
1-Mar-2024,11:56:09.1875,85.53
1-Mar-2024,12:32:48.65625,85.26
1-Mar-2024,14:36:11.59375,84.89
1-Mar-2024,15:46:53.21875,84.83
1-Mar-2024,19:10:48.96875,84.58
1-Mar-2024,19:26:50.46875,84.46
1-Mar-2024,20:06:05.375,84.45
1-Mar-2024,23:13:56.96875,84.07
2-Mar-2024,00:35:24.5,84.26
2-Mar-2024,00:37:00.53125,83.86
2-Mar-2024,00:37:17.53125,83.25
2-Mar-2024,00:38:38.53125,83.63
2-Mar-2024,00:38:56.53125,84.44
2-Mar-2024,01:24:44.25,85.09
2-Mar-2024,04:14:13.09375,85.70
2-Mar-2024,07:49:08.25,86.05
2-Mar-2024,12:31:14.5625,85.59
2-Mar-2024,13:45:27.4375,85.43
2-Mar-2024,14:49:18.0625,85.42
2-Mar-2024,15:49:43.65625,85.18
2-Mar-2024,17:44:10.0625,85.02
2-Mar-2024,19:19:47.0625,84.71
2-Mar-2024,20:27:06.09375,84.63
2-Mar-2024,21:09:21.625,84.63
2-Mar-2024,22:12:56.71875,84.45
2-Mar-2024,23:41:34.9375,84.26
3-Mar-2024,01:45:21.96875,85.26
3-Mar-2024,03:42:03.96875,86.21
3-Mar-2024,05:23:12.9375,86.59
3-Mar-2024,08:49:02,86.67
3-Mar-2024,11:36:42.78125,86.34
3-Mar-2024,13:50:42.6875,85.70
3-Mar-2024,16:30:49.9375,85.07
3-Mar-2024,19:14:48.53125,84.99
4-Mar-2024,00:26:02.34375,84.69
4-Mar-2024,03:49:04.25,85.29
4-Mar-2024,05:17:44.3125,85.40
4-Mar-2024,06:01:43.96875,85.60
4-Mar-2024,10:58:29.46875,85.59
4-Mar-2024,12:29:09.59375,85.13
4-Mar-2024,14:57:58.59375,84.73
4-Mar-2024,15:44:39.28125,84.55
4-Mar-2024,18:31:10.5625,84.46
4-Mar-2024,19:59:23.6875,84.23
4-Mar-2024,20:53:54.09375,83.83
4-Mar-2024,21:00:36.15625,83.75
4-Mar-2024,21:00:47.1875,83.29
4-Mar-2024,21:08:50.21875,83.38
4-Mar-2024,21:36:44.59375,83.28
4-Mar-2024,22:11:04,83.03
4-Mar-2024,22:45:19.5,82.90
4-Mar-2024,22:45:28.5,82.61
4-Mar-2024,22:47:22.53125,81.98
4-Mar-2024,23:43:48.3125,82.17
5-Mar-2024,00:13:14.6875,82.30
5-Mar-2024,01:34:41.625,83.06
5-Mar-2024,02:21:05.34375,83.45
5-Mar-2024,02:52:02.78125,83.73
5-Mar-2024,03:44:07.59375,83.85
5-Mar-2024,04:20:22.125,83.92
5-Mar-2024,04:30:53.21875,83.90
5-Mar-2024,04:31:06.21875,84.53
5-Mar-2024,04:54:30.4375,84.69
5-Mar-2024,05:21:42.875,84.69
5-Mar-2024,06:04:56.59375,84.63
5-Mar-2024,06:27:23.96875,84.76
5-Mar-2024,06:27:32.96875,85.24
5-Mar-2024,06:30:07.03125,85.60
5-Mar-2024,08:09:20.59375,85.65
5-Mar-2024,11:09:02.09375,85.38
5-Mar-2024,13:55:43.21875,84.95
5-Mar-2024,14:52:39.78125,84.84
5-Mar-2024,16:44:15.59375,84.72
5-Mar-2024,18:18:17.0625,84.67
5-Mar-2024,19:23:54.71875,84.44
5-Mar-2024,20:00:29.15625,84.46
5-Mar-2024,21:01:31.84375,84.26
5-Mar-2024,21:27:21.125,84.15
5-Mar-2024,22:08:19.625,84.00
5-Mar-2024,22:32:38,83.90
6-Mar-2024,01:04:05.8125,84.41
6-Mar-2024,02:45:33.3125,84.94
6-Mar-2024,04:51:36.78125,85.26
6-Mar-2024,05:57:27.53125,85.40
6-Mar-2024,10:17:22.65625,85.36
6-Mar-2024,14:04:50.65625,84.59
6-Mar-2024,15:28:44.90625,84.58
6-Mar-2024,17:52:28.71875,84.46
6-Mar-2024,19:51:08,84.16
6-Mar-2024,20:56:04.59375,83.92
6-Mar-2024,21:28:45.0625,83.96
6-Mar-2024,21:59:54.46875,84.11
6-Mar-2024,22:39:52,83.77
6-Mar-2024,23:02:00.15625,84.05
6-Mar-2024,23:54:41.5625,84.04
7-Mar-2024,00:30:40.96875,84.31
7-Mar-2024,02:04:42.1875,84.89
7-Mar-2024,04:30:48.9375,85.70
7-Mar-2024,07:18:53.9375,86.08
7-Mar-2024,11:07:12.28125,85.87
7-Mar-2024,13:46:48.5625,85.43
7-Mar-2024,15:29:17.125,85.43
7-Mar-2024,18:51:07.84375,85.07
7-Mar-2024,22:11:50.03125,85.00
7-Mar-2024,22:12:00.03125,85.21
8-Mar-2024,00:57:30.125,85.50
8-Mar-2024,05:50:00.96875,87.24
8-Mar-2024,06:53:41.8125,87.18
8-Mar-2024,07:47:35.625,87.18
8-Mar-2024,08:15:38.90625,87.16
8-Mar-2024,11:04:45.09375,87.07
8-Mar-2024,13:59:58.75,86.43
8-Mar-2024,14:31:48.21875,86.36
8-Mar-2024,15:34:20.5,86.41
8-Mar-2024,16:28:59.09375,86.24
8-Mar-2024,21:13:44.84375,85.36
8-Mar-2024,23:59:52.0625,85.46
9-Mar-2024,03:31:14.59375,87.18
9-Mar-2024,06:33:55.90625,87.79
9-Mar-2024,09:43:36.09375,87.71
9-Mar-2024,13:26:19.5,86.72
9-Mar-2024,17:04:00.6875,86.29
9-Mar-2024,17:52:16.375,86.42
9-Mar-2024,19:52:29.125,85.93
9-Mar-2024,23:15:14.21875,85.68
10-Mar-2024,04:58:52.1875,87.63
10-Mar-2024,08:47:47.78125,88.17
10-Mar-2024,12:05:36.53125,87.78
10-Mar-2024,13:51:10.125,87.09
10-Mar-2024,17:10:17.8125,86.28
10-Mar-2024,18:46:28.09375,86.09
10-Mar-2024,21:45:02.3125,85.85
10-Mar-2024,23:59:24.84375,85.39
11-Mar-2024,04:51:10.15625,86.38
11-Mar-2024,06:55:47.71875,86.50
11-Mar-2024,10:26:20.65625,86.60
11-Mar-2024,14:46:18.65625,86.02
11-Mar-2024,17:39:43.96875,85.73
11-Mar-2024,20:09:35.875,85.36
11-Mar-2024,22:38:22.15625,85.19
12-Mar-2024,01:14:20.25,85.23
12-Mar-2024,04:28:36.0625,86.24
12-Mar-2024,07:10:53.1875,86.45
12-Mar-2024,12:26:50.5625,86.08
12-Mar-2024,18:54:22.78125,85.14
12-Mar-2024,20:59:43.5625,85.16
12-Mar-2024,22:17:05.875,84.82
13-Mar-2024,00:43:19.375,84.86
13-Mar-2024,04:25:54.4375,86.00
13-Mar-2024,06:52:58.375,86.26
13-Mar-2024,09:37:30.09375,86.42
13-Mar-2024,13:44:13.40625,85.97
13-Mar-2024,15:44:20.09375,85.79
13-Mar-2024,16:26:02.625,85.61
13-Mar-2024,19:23:40.3125,85.41
13-Mar-2024,21:39:54.96875,85.25
14-Mar-2024,01:05:10.8125,85.04
14-Mar-2024,03:37:38.34375,86.11
14-Mar-2024,05:40:54.1875,86.51
14-Mar-2024,11:52:31.875,86.49
14-Mar-2024,19:22:39.375,85.46
14-Mar-2024,19:53:03.59375,85.31
14-Mar-2024,19:53:57.84375,85.31
14-Mar-2024,19:53:58.84375,Bad
14-Mar-2024,20:03:02.75,85.22
14-Mar-2024,22:59:47.28125,85.03
15-Mar-2024,01:14:24.71875,85.18
15-Mar-2024,03:26:05.9375,86.06
15-Mar-2024,05:21:21.4375,86.42
15-Mar-2024,08:47:44.90625,86.79
15-Mar-2024,12:59:23,86.45
15-Mar-2024,15:53:11.75,85.94
15-Mar-2024,18:17:26.375,85.64
15-Mar-2024,20:22:53.75,85.52
15-Mar-2024,23:47:27.125,85.15
16-Mar-2024,01:46:31.9375,85.30
16-Mar-2024,04:21:32.125,86.36
16-Mar-2024,04:39:53.40625,86.32
16-Mar-2024,05:32:10.03125,86.52
16-Mar-2024,10:26:03.8125,86.73
16-Mar-2024,18:22:23.125,85.79
16-Mar-2024,19:11:02.53125,85.72
16-Mar-2024,20:10:23.3125,85.50
16-Mar-2024,21:46:55.90625,85.39
17-Mar-2024,00:55:20.21875,85.14
17-Mar-2024,03:02:20,86.15
17-Mar-2024,04:59:47.375,86.52
17-Mar-2024,06:41:59.6875,86.95
17-Mar-2024,13:12:57.625,86.46
17-Mar-2024,18:51:44.40625,85.95
17-Mar-2024,21:27:58.34375,85.45
17-Mar-2024,22:48:39.4375,85.39
18-Mar-2024,00:06:32.34375,85.48
18-Mar-2024,01:39:27.15625,85.74
18-Mar-2024,04:44:58.15625,86.78
18-Mar-2024,11:08:23.03125,86.98
18-Mar-2024,18:59:49.75,86.20
19-Mar-2024,01:12:13.1875,85.84
19-Mar-2024,04:12:37.34375,87.07
19-Mar-2024,07:45:32.9375,87.48
19-Mar-2024,12:39:31.34375,87.11
19-Mar-2024,16:58:52.8125,86.42
19-Mar-2024,20:03:25.4375,86.18
19-Mar-2024,22:44:17.1875,85.94
19-Mar-2024,23:06:57.71875,85.64
20-Mar-2024,00:42:53.34375,85.84
20-Mar-2024,02:21:44.21875,86.38
20-Mar-2024,04:54:34.03125,87.34
20-Mar-2024,08:56:23.5,87.59
20-Mar-2024,12:00:26.90625,87.38
20-Mar-2024,18:22:31.28125,86.25
20-Mar-2024,22:34:14.25,86.01
20-Mar-2024,23:48:01.8125,86.12
21-Mar-2024,01:22:35.21875,86.36
21-Mar-2024,06:01:02.40625,87.57
21-Mar-2024,10:56:04.1875,87.65
21-Mar-2024,16:50:23.46875,86.59
21-Mar-2024,22:04:38.65625,86.07
22-Mar-2024,00:44:04.84375,85.91
22-Mar-2024,03:50:21.03125,86.87
22-Mar-2024,03:52:13.0625,83.41
22-Mar-2024,04:06:45.5,83.60
22-Mar-2024,04:09:29.5,83.74
22-Mar-2024,04:09:36.5,84.07
22-Mar-2024,04:15:55.6875,83.97
22-Mar-2024,04:20:07.75,83.72
22-Mar-2024,04:20:38.75,82.51
22-Mar-2024,04:21:49.78125,82.66
22-Mar-2024,04:21:51.78125,82.66
22-Mar-2024,04:21:59.8125,77.20
22-Mar-2024,04:22:03.84375,73.17
22-Mar-2024,04:22:07.84375,68.12
22-Mar-2024,04:22:12.84375,67.06
22-Mar-2024,04:22:15.84375,67.07
22-Mar-2024,04:22:16.84375,66.77
22-Mar-2024,04:22:17.84375,67.06
22-Mar-2024,04:22:18.84375,66.73
22-Mar-2024,04:22:19.84375,66.98
22-Mar-2024,04:22:23.84375,66.88
22-Mar-2024,04:22:27.84375,66.75
22-Mar-2024,04:22:28.84375,66.96
22-Mar-2024,04:22:29.84375,66.69
22-Mar-2024,04:22:30.84375,66.98
22-Mar-2024,04:22:31.84375,66.72
22-Mar-2024,04:22:32.84375,66.99
22-Mar-2024,04:22:34.84375,66.90
22-Mar-2024,04:22:40.84375,66.75
22-Mar-2024,04:22:41.84375,66.99
22-Mar-2024,04:22:42.84375,66.73
22-Mar-2024,04:22:43.84375,67.03
22-Mar-2024,04:22:44.84375,66.79
22-Mar-2024,04:22:50.84375,66.97
22-Mar-2024,04:22:51.84375,66.76
22-Mar-2024,04:22:52.84375,67.03
22-Mar-2024,04:22:53.84375,66.73
22-Mar-2024,04:22:54.84375,67.03
22-Mar-2024,04:22:55.84375,66.75
22-Mar-2024,04:22:56.84375,67.00
22-Mar-2024,04:23:02.84375,66.80
22-Mar-2024,04:23:05.84375,67.01
22-Mar-2024,04:23:06.84375,66.74
22-Mar-2024,04:23:07.84375,67.04
22-Mar-2024,04:23:08.84375,66.75
22-Mar-2024,04:23:09.84375,66.99
22-Mar-2024,04:23:15.84375,66.79
22-Mar-2024,04:23:16.84375,67.04
22-Mar-2024,04:23:17.84375,66.75
22-Mar-2024,04:23:18.84375,67.03
22-Mar-2024,04:23:19.84375,66.75
22-Mar-2024,04:23:20.84375,66.99
22-Mar-2024,04:23:26.84375,66.77
22-Mar-2024,04:23:27.84375,66.99
22-Mar-2024,04:23:28.84375,66.75
22-Mar-2024,04:23:29.84375,67.03
22-Mar-2024,04:23:30.84375,66.73
22-Mar-2024,04:23:31.84375,67.01
22-Mar-2024,04:23:33.84375,66.95
22-Mar-2024,04:23:39.84375,66.78
22-Mar-2024,04:23:40.84375,67.03
22-Mar-2024,04:23:41.84375,66.74
22-Mar-2024,04:23:42.84375,67.03
22-Mar-2024,04:23:43.84375,66.76
22-Mar-2024,04:23:49.84375,66.99
22-Mar-2024,04:23:50.84375,66.77
22-Mar-2024,04:23:51.84375,67.02
22-Mar-2024,04:23:52.84375,66.76
22-Mar-2024,04:23:53.84375,67.03
22-Mar-2024,04:23:55.84375,66.93
22-Mar-2024,04:23:59.84375,66.77
22-Mar-2024,04:24:00.84375,67.03
22-Mar-2024,04:24:01.84375,66.76
22-Mar-2024,04:24:02.84375,67.03
22-Mar-2024,04:24:04.84375,66.95
22-Mar-2024,04:24:08.84375,66.78
22-Mar-2024,04:24:09.84375,67.02
22-Mar-2024,04:24:10.84375,66.76
22-Mar-2024,04:24:11.84375,66.99
22-Mar-2024,04:24:17.84375,66.75
22-Mar-2024,04:24:18.84375,67.03
22-Mar-2024,04:24:19.84375,66.76
22-Mar-2024,04:24:23.84375,66.98
22-Mar-2024,04:24:24.875,66.76
22-Mar-2024,04:24:25.875,67.03
22-Mar-2024,04:24:26.875,66.77
22-Mar-2024,04:24:30.875,66.96
22-Mar-2024,04:24:33.875,66.77
22-Mar-2024,04:24:35.875,66.84
22-Mar-2024,04:24:39.90625,66.99
22-Mar-2024,04:24:40.90625,66.77
22-Mar-2024,04:24:41.90625,67.03
22-Mar-2024,04:24:43.90625,66.92
22-Mar-2024,04:24:46.90625,67.01
22-Mar-2024,04:24:47.90625,66.76
22-Mar-2024,04:24:48.90625,67.00
22-Mar-2024,04:24:52.90625,66.81
22-Mar-2024,04:24:53.90625,67.02
22-Mar-2024,04:24:54.90625,66.77
22-Mar-2024,04:24:58.90625,66.95
22-Mar-2024,04:24:59.90625,66.78
22-Mar-2024,04:25:00.90625,67.02
22-Mar-2024,04:25:01.90625,66.76
22-Mar-2024,04:25:05.90625,66.98
22-Mar-2024,04:25:06.90625,66.76
22-Mar-2024,04:25:07.90625,67.03
22-Mar-2024,04:25:08.90625,66.77
22-Mar-2024,04:25:12.90625,67.02
22-Mar-2024,04:25:13.90625,66.75
22-Mar-2024,04:25:17.90625,66.97
22-Mar-2024,04:25:18.90625,66.79
22-Mar-2024,04:25:19.90625,67.03
22-Mar-2024,04:25:21.90625,66.93
22-Mar-2024,04:25:30.90625,66.77
22-Mar-2024,04:25:34.90625,66.96
22-Mar-2024,04:25:40.90625,66.78
22-Mar-2024,04:25:41.90625,67.00
22-Mar-2024,04:25:45.90625,66.77
22-Mar-2024,04:25:46.90625,67.02
22-Mar-2024,04:25:50.90625,66.78
22-Mar-2024,04:25:51.90625,67.03
22-Mar-2024,04:25:55.90625,66.79
22-Mar-2024,04:25:56.90625,67.03
22-Mar-2024,04:25:58.90625,66.89
22-Mar-2024,04:26:00.90625,66.76
22-Mar-2024,04:26:02.90625,66.88
22-Mar-2024,04:26:09.90625,67.02
22-Mar-2024,04:26:10.9375,66.76
22-Mar-2024,04:26:14.9375,67.02
22-Mar-2024,04:26:18.9375,66.78
22-Mar-2024,04:26:19.9375,67.02
22-Mar-2024,04:26:23.9375,66.77
22-Mar-2024,04:26:25.9375,66.88
22-Mar-2024,04:26:32.9375,67.03
22-Mar-2024,04:26:34.9375,66.91
22-Mar-2024,04:26:36.9375,66.77
22-Mar-2024,04:26:37.9375,67.02
22-Mar-2024,04:26:41.9375,66.77
22-Mar-2024,04:26:43.9375,66.88
22-Mar-2024,04:26:45.9375,67.02
22-Mar-2024,04:26:46.9375,65.73
22-Mar-2024,04:26:47.9375,60.31
22-Mar-2024,04:26:48.9375,55.80
22-Mar-2024,04:26:49.9375,51.95
22-Mar-2024,04:26:51.9375,45.56
22-Mar-2024,04:26:53.9375,40.45
22-Mar-2024,04:26:56.9375,34.48
22-Mar-2024,04:26:59.9375,29.95
22-Mar-2024,04:27:03.9375,25.41
22-Mar-2024,04:27:08.9375,21.23
22-Mar-2024,04:27:15.9375,17.10
22-Mar-2024,04:27:24.9375,13.61
22-Mar-2024,04:27:36.9375,10.51
22-Mar-2024,04:27:53.96875,7.77
22-Mar-2024,04:28:21.03125,5.30
22-Mar-2024,04:29:07.03125,3.19
22-Mar-2024,04:30:32.0625,1.45
22-Mar-2024,04:32:53.125,0.00
22-Mar-2024,12:23:14.625,0.00
22-Mar-2024,20:13:40.9375,0.00
23-Mar-2024,04:03:59.0625,0.00
23-Mar-2024,11:28:55.6875,0.00
23-Mar-2024,19:19:15.84375,0.00
24-Mar-2024,03:09:22.1875,0.00
24-Mar-2024,10:59:41.53125,0.00
24-Mar-2024,18:49:48.25,0.00
25-Mar-2024,02:39:55.59375,0.00
25-Mar-2024,10:30:09.34375,0.00
25-Mar-2024,18:20:30.40625,0.00
26-Mar-2024,02:10:40.78125,0.00
26-Mar-2024,10:00:51.1875,0.00
26-Mar-2024,17:51:09.75,0.00
27-Mar-2024,01:41:15.875,0.00
27-Mar-2024,09:31:34.40625,0.00
27-Mar-2024,17:21:44.1875,0.00
28-Mar-2024,01:12:01.59375,0.00
28-Mar-2024,03:09:13,0.00
28-Mar-2024,10:59:27.65625,0.00
28-Mar-2024,18:49:41.875,0.00
29-Mar-2024,02:39:53.40625,0.00
29-Mar-2024,10:30:00.875,0.00
29-Mar-2024,18:20:13.46875,0.00
30-Mar-2024,02:10:26.65625,0.00
