Time,Value,Value Attributes
30-Mar-2024,02:10:26.65625,0.00
29-Mar-2024,18:20:13.46875,0.00
29-Mar-2024,10:30:00.875,0.00
29-Mar-2024,02:39:53.40625,0.00
28-Mar-2024,18:49:41.875,0.00
28-Mar-2024,10:59:27.65625,0.00
28-Mar-2024,03:09:13,0.00
28-Mar-2024,03:08:54.38901,Intf,Shut
28-Mar-2024,01:12:01.59375,0.00
27-Mar-2024,17:21:44.1875,0.00
27-Mar-2024,09:31:34.40625,0.00
27-Mar-2024,01:41:15.875,0.00
26-Mar-2024,17:51:09.75,0.00
26-Mar-2024,10:00:51.1875,0.00
26-Mar-2024,02:10:40.78125,0.00
25-Mar-2024,18:20:30.40625,0.00
25-Mar-2024,10:30:09.34375,0.00
25-Mar-2024,02:39:55.59375,0.00
24-Mar-2024,18:49:48.25,0.00
24-Mar-2024,10:59:41.53125,0.00
24-Mar-2024,03:09:22.1875,0.00
23-Mar-2024,19:19:15.84375,0.00
23-Mar-2024,11:28:55.6875,0.00
23-Mar-2024,11:28:51.16701,Intf,Shut
23-Mar-2024,04:03:55.0625,0.00
22-Mar-2024,20:13:32.9375,0.00
22-Mar-2024,12:23:07.625,0.00
22-Mar-2024,04:32:44.125,0.08
22-Mar-2024,04:30:40.0625,1.35
22-Mar-2024,04:29:11.03125,3.07
22-Mar-2024,04:28:23.03125,5.17
22-Mar-2024,04:27:54.96875,7.65
22-Mar-2024,04:27:37.9375,10.32
22-Mar-2024,04:27:24.9375,13.59
22-Mar-2024,04:27:15.9375,17.11
22-Mar-2024,04:27:08.9375,21.23
22-Mar-2024,04:27:03.9375,25.39
22-Mar-2024,04:26:59.9375,29.95
22-Mar-2024,04:26:56.9375,34.49
22-Mar-2024,04:26:53.9375,40.45
22-Mar-2024,04:26:51.9375,45.56
22-Mar-2024,04:26:49.9375,51.95
22-Mar-2024,04:26:48.9375,55.79
22-Mar-2024,04:26:47.9375,60.31
22-Mar-2024,04:26:46.9375,65.73
22-Mar-2024,04:26:45.9375,67.04
22-Mar-2024,04:26:43.9375,66.88
22-Mar-2024,04:26:41.9375,66.77
22-Mar-2024,04:26:37.9375,67.02
22-Mar-2024,04:26:36.9375,66.77
22-Mar-2024,04:26:34.9375,66.91
22-Mar-2024,04:26:32.9375,67.03
22-Mar-2024,04:26:25.9375,66.87
22-Mar-2024,04:26:23.9375,66.76
22-Mar-2024,04:26:19.9375,67.02
22-Mar-2024,04:26:18.9375,66.78
22-Mar-2024,04:26:14.9375,67.02
22-Mar-2024,04:26:10.9375,66.76
22-Mar-2024,04:26:09.90625,67.02
22-Mar-2024,04:26:02.90625,66.87
22-Mar-2024,04:26:00.90625,66.76
22-Mar-2024,04:25:58.90625,66.89
22-Mar-2024,04:25:56.90625,67.03
22-Mar-2024,04:25:55.90625,66.79
22-Mar-2024,04:25:53.90625,66.91
22-Mar-2024,04:25:51.90625,67.03
22-Mar-2024,04:25:50.90625,66.78
22-Mar-2024,04:25:46.90625,67.03
22-Mar-2024,04:25:45.90625,66.77
22-Mar-2024,04:25:43.90625,66.92
22-Mar-2024,04:25:41.90625,67.02
22-Mar-2024,04:25:40.90625,66.78
22-Mar-2024,04:25:34.90625,66.96
22-Mar-2024,04:25:30.90625,66.77
22-Mar-2024,04:25:29.90625,66.99
22-Mar-2024,04:25:21.90625,66.93
22-Mar-2024,04:25:19.90625,67.03
22-Mar-2024,04:25:18.90625,66.79
22-Mar-2024,04:25:17.90625,66.97
22-Mar-2024,04:25:13.90625,66.76
22-Mar-2024,04:25:12.90625,67.02
22-Mar-2024,04:25:08.90625,66.77
22-Mar-2024,04:25:07.90625,67.03
22-Mar-2024,04:25:06.90625,66.76
22-Mar-2024,04:25:05.90625,66.98
22-Mar-2024,04:25:01.90625,66.76
22-Mar-2024,04:24:58.90625,66.95
22-Mar-2024,04:24:54.90625,66.77
22-Mar-2024,04:24:53.90625,67.02
22-Mar-2024,04:24:52.90625,66.81
22-Mar-2024,04:24:48.90625,67.01
22-Mar-2024,04:24:47.90625,66.76
22-Mar-2024,04:24:46.90625,67.02
22-Mar-2024,04:24:45.90625,66.84
22-Mar-2024,04:24:41.90625,67.03
22-Mar-2024,04:24:40.90625,66.76
22-Mar-2024,04:24:39.90625,66.99
22-Mar-2024,04:24:35.875,66.85
22-Mar-2024,04:24:33.875,66.77
22-Mar-2024,04:24:30.875,66.95
22-Mar-2024,04:24:26.875,66.77
22-Mar-2024,04:24:25.875,67.03
22-Mar-2024,04:24:24.875,66.79
22-Mar-2024,04:24:23.84375,66.98
22-Mar-2024,04:24:19.84375,66.76
22-Mar-2024,04:24:18.84375,67.04
22-Mar-2024,04:24:17.84375,66.75
22-Mar-2024,04:24:11.84375,66.99
22-Mar-2024,04:24:10.84375,66.77
22-Mar-2024,04:24:09.84375,67.02
22-Mar-2024,04:24:08.84375,66.79
22-Mar-2024,04:24:04.84375,66.95
22-Mar-2024,04:24:02.84375,67.03
22-Mar-2024,04:24:01.84375,66.75
22-Mar-2024,04:24:00.84375,67.03
22-Mar-2024,04:23:59.84375,66.77
22-Mar-2024,04:23:55.84375,66.93
22-Mar-2024,04:23:53.84375,67.03
22-Mar-2024,04:23:52.84375,66.76
22-Mar-2024,04:23:51.84375,67.02
22-Mar-2024,04:23:50.84375,66.77
22-Mar-2024,04:23:49.84375,67.00
22-Mar-2024,04:23:43.84375,66.76
22-Mar-2024,04:23:42.84375,67.02
22-Mar-2024,04:23:41.84375,66.73
22-Mar-2024,04:23:40.84375,67.03
22-Mar-2024,04:23:39.84375,66.78
22-Mar-2024,04:23:33.84375,66.95
22-Mar-2024,04:23:31.84375,67.01
22-Mar-2024,04:23:30.84375,66.73
22-Mar-2024,04:23:29.84375,67.03
22-Mar-2024,04:23:28.84375,66.75
22-Mar-2024,04:23:27.84375,67.00
22-Mar-2024,04:23:26.84375,66.77
22-Mar-2024,04:23:20.84375,66.99
22-Mar-2024,04:23:19.84375,66.75
22-Mar-2024,04:23:18.84375,67.02
22-Mar-2024,04:23:17.84375,66.75
22-Mar-2024,04:23:16.84375,67.03
22-Mar-2024,04:23:15.84375,66.78
22-Mar-2024,04:23:09.84375,66.99
22-Mar-2024,04:23:08.84375,66.76
22-Mar-2024,04:23:07.84375,67.04
22-Mar-2024,04:23:06.84375,66.74
22-Mar-2024,04:23:05.84375,67.01
22-Mar-2024,04:23:02.84375,66.80
22-Mar-2024,04:22:56.84375,67.00
22-Mar-2024,04:22:55.84375,66.73
22-Mar-2024,04:22:54.84375,67.03
22-Mar-2024,04:22:53.84375,66.73
22-Mar-2024,04:22:52.84375,67.02
22-Mar-2024,04:22:51.84375,66.77
22-Mar-2024,04:22:50.84375,66.97
22-Mar-2024,04:22:44.84375,66.79
22-Mar-2024,04:22:43.84375,67.03
22-Mar-2024,04:22:42.84375,66.73
22-Mar-2024,04:22:41.84375,67.00
22-Mar-2024,04:22:40.84375,66.75
22-Mar-2024,04:22:34.84375,66.91
22-Mar-2024,04:22:32.84375,66.99
22-Mar-2024,04:22:31.84375,66.72
22-Mar-2024,04:22:30.84375,66.99
22-Mar-2024,04:22:29.84375,66.69
22-Mar-2024,04:22:28.84375,66.96
22-Mar-2024,04:22:25.84375,66.80
22-Mar-2024,04:22:19.84375,66.98
22-Mar-2024,04:22:18.84375,66.74
22-Mar-2024,04:22:17.84375,67.07
22-Mar-2024,04:22:16.84375,66.78
22-Mar-2024,04:22:15.84375,67.07
22-Mar-2024,04:22:12.84375,67.06
22-Mar-2024,04:22:07.84375,68.13
22-Mar-2024,04:22:06.84375,69.19
22-Mar-2024,04:22:03.84375,73.17
22-Mar-2024,04:21:59.8125,77.20
22-Mar-2024,04:21:51.78125,82.66
22-Mar-2024,04:21:49.78125,82.66
22-Mar-2024,04:20:38.75,82.52
22-Mar-2024,04:20:07.75,83.73
22-Mar-2024,04:17:12.71875,83.83
22-Mar-2024,04:09:31.5,83.88
22-Mar-2024,04:06:45.5,83.61
22-Mar-2024,03:52:13.0625,83.41
22-Mar-2024,03:50:24.0625,86.71
22-Mar-2024,03:44:27.78125,86.99
22-Mar-2024,00:42:56.8125,85.93
21-Mar-2024,22:15:04.15625,86.12
21-Mar-2024,21:08:16.3125,86.20
21-Mar-2024,18:11:38.8125,86.48
21-Mar-2024,10:13:01.375,87.67
21-Mar-2024,05:57:26.28125,87.56
21-Mar-2024,01:22:34.21875,86.35
20-Mar-2024,23:15:37.84375,86.00
20-Mar-2024,18:22:31.28125,86.25
20-Mar-2024,12:28:21.375,87.21
20-Mar-2024,09:03:35.6875,87.62
20-Mar-2024,04:40:35.53125,87.26
20-Mar-2024,01:38:30.1875,85.98
19-Mar-2024,23:07:52.75,85.66
19-Mar-2024,22:44:17.1875,85.94
19-Mar-2024,19:59:25.375,86.24
19-Mar-2024,17:24:32.25,86.41
19-Mar-2024,12:34:27.15625,87.13
19-Mar-2024,08:46:27.4375,87.45
19-Mar-2024,04:55:56.96875,87.21
19-Mar-2024,01:20:24.21875,85.96
19-Mar-2024,00:12:56.65625,85.90
18-Mar-2024,18:50:23.6875,86.25
18-Mar-2024,10:51:42.90625,87.00
18-Mar-2024,05:33:35.03125,86.82
18-Mar-2024,03:28:24.21875,86.44
18-Mar-2024,01:21:00.875,85.57
17-Mar-2024,21:35:51.46875,85.47
17-Mar-2024,19:33:58.96875,85.82
17-Mar-2024,18:26:55.0625,85.81
17-Mar-2024,13:07:56.625,86.51
17-Mar-2024,06:50:33.75,86.89
17-Mar-2024,06:02:52.0625,86.66
17-Mar-2024,03:22:39.3125,86.25
17-Mar-2024,00:55:19.21875,85.16
16-Mar-2024,21:45:16.90625,85.47
16-Mar-2024,20:10:23.3125,85.50
16-Mar-2024,18:32:24.15625,85.73
16-Mar-2024,11:41:24.71875,86.62
16-Mar-2024,05:06:31.75,86.55
16-Mar-2024,04:31:09.25,86.16
16-Mar-2024,03:59:15.65625,86.27
16-Mar-2024,01:29:44.6875,85.21
15-Mar-2024,21:28:28.40625,85.34
15-Mar-2024,18:16:06.34375,85.66
15-Mar-2024,15:52:31.75,85.90
15-Mar-2024,14:54:10.8125,86.14
15-Mar-2024,11:53:01.09375,86.69
15-Mar-2024,07:45:35.46875,86.73
15-Mar-2024,02:59:59.8125,85.86
15-Mar-2024,01:11:41.65625,85.12
14-Mar-2024,22:49:46.15625,84.99
14-Mar-2024,20:03:02.75,85.22
14-Mar-2024,19:53:58.84375,Bad
14-Mar-2024,19:53:57.84375,85.30
14-Mar-2024,19:53:03.59375,85.30
14-Mar-2024,17:32:10.03125,85.59
14-Mar-2024,11:13:03.46875,86.52
14-Mar-2024,07:11:03.34375,86.57
14-Mar-2024,04:08:02.625,86.29
14-Mar-2024,01:02:33.8125,85.05
13-Mar-2024,21:48:22.03125,85.25
13-Mar-2024,18:43:54.65625,85.48
13-Mar-2024,16:25:00.625,85.59
13-Mar-2024,15:24:19.59375,85.77
13-Mar-2024,12:58:34.71875,86.13
13-Mar-2024,09:32:11.0625,86.46
13-Mar-2024,04:19:44.375,86.08
13-Mar-2024,01:17:51.875,84.95
12-Mar-2024,22:28:57.96875,84.92
12-Mar-2024,21:00:03.5625,85.16
12-Mar-2024,18:56:23.84375,85.16
12-Mar-2024,15:57:44.375,85.48
12-Mar-2024,12:32:06.71875,86.11
12-Mar-2024,07:05:33.1875,86.48
12-Mar-2024,04:18:33.9375,86.17
12-Mar-2024,01:11:46.1875,85.18
11-Mar-2024,22:34:05.15625,85.27
11-Mar-2024,19:38:31.65625,85.37
11-Mar-2024,17:39:43.96875,85.73
11-Mar-2024,14:47:20.65625,86.03
11-Mar-2024,10:49:41.96875,86.60
11-Mar-2024,06:55:29.71875,86.50
11-Mar-2024,03:11:31.90625,86.11
10-Mar-2024,23:59:26.84375,85.40
10-Mar-2024,21:42:37.25,85.84
10-Mar-2024,18:46:20.09375,86.11
10-Mar-2024,17:08:52.78125,86.29
10-Mar-2024,13:51:11.125,87.08
10-Mar-2024,11:38:16.1875,87.90
10-Mar-2024,08:58:13.96875,88.11
10-Mar-2024,05:27:51.78125,87.76
10-Mar-2024,01:10:47.125,86.49
9-Mar-2024,22:57:27.125,85.66
9-Mar-2024,19:26:18.8125,86.12
9-Mar-2024,17:05:55.6875,86.37
9-Mar-2024,15:00:35.625,86.36
9-Mar-2024,13:14:10.3125,86.92
9-Mar-2024,08:46:58.625,87.83
9-Mar-2024,06:42:08.0625,87.69
9-Mar-2024,03:31:14.59375,87.18
8-Mar-2024,23:52:57.90625,85.37
8-Mar-2024,20:52:22.46875,85.40
8-Mar-2024,16:28:59.09375,86.24
8-Mar-2024,15:34:20.5,86.41
8-Mar-2024,14:00:14.75,86.40
8-Mar-2024,11:54:47.90625,86.92
8-Mar-2024,08:42:15.1875,87.24
8-Mar-2024,08:10:21.875,87.41
8-Mar-2024,06:06:31.21875,87.25
8-Mar-2024,03:10:05.8125,86.43
8-Mar-2024,00:50:15.09375,85.42
7-Mar-2024,22:12:00.03125,85.21
7-Mar-2024,22:11:50.03125,85.00
7-Mar-2024,21:00:34.21875,84.99
7-Mar-2024,17:40:04.96875,85.17
7-Mar-2024,15:26:27.125,85.38
7-Mar-2024,11:22:59.625,85.79
7-Mar-2024,08:01:30.65625,86.16
7-Mar-2024,04:28:31.90625,85.76
7-Mar-2024,03:14:08.96875,85.28
7-Mar-2024,00:32:29.03125,84.30
6-Mar-2024,23:54:41.5625,84.04
6-Mar-2024,23:01:41.15625,84.04
6-Mar-2024,22:39:52,83.77
6-Mar-2024,22:02:44.5625,84.05
6-Mar-2024,21:32:25.15625,84.00
6-Mar-2024,20:56:26.59375,83.90
6-Mar-2024,19:51:30,84.17
6-Mar-2024,19:17:11.5625,84.29
6-Mar-2024,15:37:46.09375,84.51
6-Mar-2024,14:29:22.15625,84.65
6-Mar-2024,13:20:50.34375,84.82
6-Mar-2024,10:34:16.90625,85.38
6-Mar-2024,05:15:27.03125,85.45
6-Mar-2024,04:22:27.4375,85.30
6-Mar-2024,02:48:03.34375,84.94
6-Mar-2024,01:14:12.96875,84.44
5-Mar-2024,22:33:40.03125,83.94
5-Mar-2024,22:08:55.625,83.98
5-Mar-2024,21:40:04.375,84.22
5-Mar-2024,21:00:01.8125,84.34
5-Mar-2024,20:41:52.53125,84.29
5-Mar-2024,19:23:54.71875,84.44
5-Mar-2024,19:00:45.46875,84.54
5-Mar-2024,16:54:37.78125,84.70
5-Mar-2024,14:47:19.75,84.89
5-Mar-2024,13:56:03.21875,84.94
5-Mar-2024,13:06:45.625,85.07
5-Mar-2024,11:47:39.5,85.29
5-Mar-2024,09:38:06.90625,85.56
5-Mar-2024,06:31:38.0625,85.64
5-Mar-2024,06:27:32.96875,85.23
5-Mar-2024,06:27:23.96875,84.76
5-Mar-2024,05:13:22.8125,84.68
5-Mar-2024,04:55:09.46875,84.65
5-Mar-2024,04:31:06.21875,84.53
5-Mar-2024,04:30:53.21875,83.90
5-Mar-2024,04:21:13.1875,83.95
5-Mar-2024,03:55:36.8125,83.88
5-Mar-2024,03:44:43.59375,83.93
5-Mar-2024,03:32:56.375,83.68
5-Mar-2024,03:21:12.15625,83.75
5-Mar-2024,02:43:22.6875,83.50
5-Mar-2024,02:11:49.09375,83.36
5-Mar-2024,01:34:12.625,83.03
5-Mar-2024,00:26:18.90625,82.44
4-Mar-2024,23:44:01.3125,82.12
4-Mar-2024,22:47:22.53125,81.99
4-Mar-2024,22:45:28.5,82.60
4-Mar-2024,22:45:16.5,82.95
4-Mar-2024,22:01:07.90625,83.11
4-Mar-2024,21:08:50.21875,83.38
4-Mar-2024,21:00:47.1875,83.29
4-Mar-2024,21:00:38.15625,83.63
4-Mar-2024,20:55:50.09375,83.91
4-Mar-2024,20:44:52.03125,83.91
4-Mar-2024,19:32:56.34375,84.43
4-Mar-2024,15:44:39.28125,84.55
4-Mar-2024,14:58:14.59375,84.70
4-Mar-2024,12:30:01.59375,85.07
4-Mar-2024,11:17:14.6875,85.53
4-Mar-2024,06:02:25.96875,85.59
4-Mar-2024,03:59:55.40625,85.30
4-Mar-2024,03:49:04.25,85.29
4-Mar-2024,00:15:40.1875,84.65
3-Mar-2024,19:41:21.90625,85.04
3-Mar-2024,19:11:53.46875,84.94
3-Mar-2024,16:31:13.9375,85.05
3-Mar-2024,13:50:42.6875,85.69
3-Mar-2024,11:34:49.78125,86.38
3-Mar-2024,07:49:15.90625,86.79
3-Mar-2024,05:58:59.1875,86.56
3-Mar-2024,03:40:00.9375,86.21
3-Mar-2024,01:46:20.96875,85.26
2-Mar-2024,23:39:32.9375,84.25
2-Mar-2024,23:09:41.625,84.38
2-Mar-2024,22:27:34,84.41
2-Mar-2024,21:01:14.5,84.56
2-Mar-2024,20:24:31.03125,84.67
2-Mar-2024,19:39:06.28125,84.67
2-Mar-2024,19:23:59.125,84.78
2-Mar-2024,16:32:14.15625,85.23
2-Mar-2024,14:51:07.0625,85.48
2-Mar-2024,13:45:58.4375,85.43
2-Mar-2024,10:28:51,85.99
2-Mar-2024,04:53:38.375,85.90
2-Mar-2024,03:34:12.34375,85.61
2-Mar-2024,01:24:44.25,85.09
2-Mar-2024,00:38:56.53125,84.44
2-Mar-2024,00:38:38.53125,83.63
2-Mar-2024,00:37:17.53125,83.25
2-Mar-2024,00:36:58.53125,83.95
2-Mar-2024,00:35:36.5,84.23
1-Mar-2024,23:22:59.28125,84.16
1-Mar-2024,21:45:19.78125,84.25
1-Mar-2024,21:28:02.96875,84.18
1-Mar-2024,20:14:23.625,84.36
1-Mar-2024,19:05:46.65625,84.52
1-Mar-2024,16:25:58.90625,84.70
1-Mar-2024,15:40:57.9375,84.95
1-Mar-2024,14:56:57.03125,84.84
1-Mar-2024,13:45:24.46875,84.99
1-Mar-2024,12:33:22.65625,85.21
1-Mar-2024,11:50:48.9375,85.54
1-Mar-2024,07:36:10.125,85.95
1-Mar-2024,03:03:28.375,85.45
1-Mar-2024,00:26:15.0625,84.77
29-Feb-2024,22:17:37.59375,84.71
29-Feb-2024,18:52:15.25,84.95
29-Feb-2024,15:08:26.53125,84.91
29-Feb-2024,11:58:27.9375,85.27
29-Feb-2024,08:35:13.1875,85.67
29-Feb-2024,08:34:33.125,84.86
29-Feb-2024,08:32:50.0625,84.65
29-Feb-2024,08:32:32.0625,83.76
29-Feb-2024,08:32:18.0625,83.55
29-Feb-2024,07:22:10.6875,83.47
29-Feb-2024,06:40:07.6875,83.46
29-Feb-2024,06:04:02.40625,83.38
29-Feb-2024,05:47:57.875,83.29
29-Feb-2024,05:25:41.25,83.29
29-Feb-2024,05:13:21.90625,83.36
29-Feb-2024,04:59:01.71875,83.28
29-Feb-2024,04:52:23.53125,83.35
29-Feb-2024,03:50:57.375,83.10
29-Feb-2024,02:23:33.75,82.78
29-Feb-2024,02:18:14.6875,82.94
29-Feb-2024,02:18:04.6875,83.36
29-Feb-2024,02:11:13.5,83.42
29-Feb-2024,02:11:01.5,83.94
29-Feb-2024,02:04:44.96875,84.05
29-Feb-2024,02:04:28.96875,83.24
29-Feb-2024,02:01:17.8125,83.15
29-Feb-2024,02:00:16.78125,83.69
29-Feb-2024,02:00:05.78125,84.07
29-Feb-2024,01:56:38.625,84.38
29-Feb-2024,01:56:21.625,84.72
29-Feb-2024,01:55:40.625,85.01
28-Feb-2024,23:17:54.03125,84.44
28-Feb-2024,17:17:53.65625,84.91
28-Feb-2024,11:55:52.25,85.35
28-Feb-2024,09:50:47.5625,85.60
28-Feb-2024,09:00:53.90625,85.56
28-Feb-2024,09:00:45.90625,85.59
28-Feb-2024,07:21:25.25,85.61
28-Feb-2024,07:20:34.25,85.67
28-Feb-2024,04:39:38.90625,85.43
28-Feb-2024,02:50:10.1875,85.13
28-Feb-2024,01:16:28.1875,84.82
27-Feb-2024,23:55:28.375,84.50
27-Feb-2024,21:09:39.34375,84.58
27-Feb-2024,18:23:28,84.78
27-Feb-2024,17:12:26.125,85.08
27-Feb-2024,14:49:22.15625,85.14
27-Feb-2024,07:37:14.0625,86.34
27-Feb-2024,06:00:32.9375,86.24
27-Feb-2024,03:09:55.84375,85.90
27-Feb-2024,01:43:01.40625,85.62
27-Feb-2024,00:10:39,84.43
26-Feb-2024,17:18:01.25,84.74
26-Feb-2024,13:48:11.6875,85.31
26-Feb-2024,12:37:53.71875,85.47
26-Feb-2024,09:44:51.5625,86.12
26-Feb-2024,05:43:18.625,85.82
26-Feb-2024,03:31:41.3125,85.43
26-Feb-2024,00:09:28.28125,84.09
25-Feb-2024,22:36:52.1875,83.98
25-Feb-2024,16:23:36.96875,84.37
25-Feb-2024,15:08:46.96875,84.58
25-Feb-2024,15:04:36.96875,84.46
25-Feb-2024,14:47:55.8125,84.66
25-Feb-2024,12:37:17.90625,84.94
25-Feb-2024,11:08:39.84375,85.32
25-Feb-2024,07:05:50.9375,85.52
25-Feb-2024,06:15:40.4375,85.44
25-Feb-2024,05:31:03.625,85.25
25-Feb-2024,00:55:42.375,84.91
24-Feb-2024,21:36:11.03125,84.82
24-Feb-2024,18:29:54.25,85.15
24-Feb-2024,17:29:19.4375,85.02
24-Feb-2024,14:36:29.90625,84.89
24-Feb-2024,11:18:35.34375,85.39
24-Feb-2024,09:13:22.28125,85.96
24-Feb-2024,05:10:45.6875,86.27
24-Feb-2024,03:25:35.21875,86.09
24-Feb-2024,02:07:59.71875,85.76
24-Feb-2024,00:24:33.34375,85.00
23-Feb-2024,23:07:37.4375,85.05
23-Feb-2024,22:46:53.125,85.00
23-Feb-2024,20:53:15.59375,85.16
23-Feb-2024,16:16:45.0625,85.52
23-Feb-2024,13:38:59.8125,85.76
23-Feb-2024,10:23:37.375,86.13
23-Feb-2024,07:56:56.59375,86.02
23-Feb-2024,06:25:41,85.98
23-Feb-2024,05:56:12.6875,85.86
23-Feb-2024,04:50:02.03125,85.66
23-Feb-2024,03:01:23.78125,85.44
22-Feb-2024,23:56:58.375,84.16
22-Feb-2024,19:23:17.53125,84.39
22-Feb-2024,15:24:25.1875,85.01
22-Feb-2024,09:45:49.375,85.52
22-Feb-2024,09:45:45.375,85.88
22-Feb-2024,09:00:03.84375,86.10
22-Feb-2024,08:59:20.84375,84.52
22-Feb-2024,08:57:14.78125,84.12
22-Feb-2024,08:52:03.71875,84.10
22-Feb-2024,07:26:19.59375,83.98
22-Feb-2024,06:42:28.03125,83.98
22-Feb-2024,04:32:47.28125,83.71
22-Feb-2024,02:49:42,83.53
22-Feb-2024,00:46:38.46875,82.83
21-Feb-2024,22:37:19.78125,82.75
21-Feb-2024,22:31:43.75,82.67
21-Feb-2024,21:50:50.75,82.77
21-Feb-2024,20:36:58.0625,82.74
21-Feb-2024,20:12:06.875,82.91
21-Feb-2024,18:42:56.75,83.01
21-Feb-2024,18:35:30.71875,83.07
21-Feb-2024,18:05:40.28125,83.02
21-Feb-2024,16:59:33.09375,83.28
21-Feb-2024,16:13:16.75,83.21
21-Feb-2024,15:13:35.15625,83.29
21-Feb-2024,10:45:41.21875,83.90
21-Feb-2024,07:45:11.8125,84.14
21-Feb-2024,07:36:05.125,84.23
21-Feb-2024,07:35:38.125,85.02
21-Feb-2024,07:32:37.09375,85.36
21-Feb-2024,07:32:01.09375,86.57
21-Feb-2024,03:33:10.8125,86.35
21-Feb-2024,03:32:59.8125,86.26
21-Feb-2024,02:48:04.5,86.28
20-Feb-2024,23:53:14.78125,85.31
20-Feb-2024,21:09:55.09375,85.54
20-Feb-2024,16:10:33.4375,86.14
20-Feb-2024,09:16:26.65625,87.12
20-Feb-2024,04:54:14.90625,86.99
19-Feb-2024,23:52:55.84375,85.66
19-Feb-2024,19:32:50.46875,85.93
19-Feb-2024,11:34:07.8125,86.80
19-Feb-2024,07:00:23.53125,87.27
18-Feb-2024,23:44:42.46875,85.92
18-Feb-2024,15:46:03.71875,86.63
18-Feb-2024,10:10:49.1875,87.43
18-Feb-2024,09:02:00.875,87.14
18-Feb-2024,09:01:49.875,86.62
18-Feb-2024,07:44:40.34375,86.25
18-Feb-2024,03:43:52.6875,85.59
18-Feb-2024,02:51:37.6875,85.43
18-Feb-2024,01:44:36.375,85.25
18-Feb-2024,01:24:38.125,85.05
18-Feb-2024,01:08:10.96875,84.89
18-Feb-2024,00:38:44.25,84.59
18-Feb-2024,00:38:28.25,83.98
18-Feb-2024,00:18:41.875,83.90
18-Feb-2024,00:03:20.53125,83.94
17-Feb-2024,23:25:40.4375,83.93
17-Feb-2024,22:59:31.96875,83.99
17-Feb-2024,22:37:44.65625,84.05
17-Feb-2024,22:19:39.34375,83.90
17-Feb-2024,22:04:43.125,83.90
17-Feb-2024,21:43:39.71875,83.91
17-Feb-2024,21:23:42.125,83.98
17-Feb-2024,20:45:39.65625,84.13
17-Feb-2024,20:05:58.71875,83.87
17-Feb-2024,19:46:49.40625,84.05
17-Feb-2024,18:27:39.5,84.45
17-Feb-2024,17:55:48.875,84.30
17-Feb-2024,17:36:28.5,84.46
17-Feb-2024,16:30:14.5625,84.38
17-Feb-2024,15:30:55.59375,84.46
17-Feb-2024,15:26:17.40625,84.61
17-Feb-2024,13:16:39.28125,84.88
17-Feb-2024,12:35:21.40625,85.02
17-Feb-2024,10:21:18.9375,85.29
17-Feb-2024,08:40:49.53125,85.25
17-Feb-2024,07:30:47.28125,85.21
17-Feb-2024,07:30:38.28125,85.44
17-Feb-2024,07:03:32.78125,85.51
17-Feb-2024,07:03:23.78125,85.78
17-Feb-2024,06:05:54.03125,85.93
17-Feb-2024,00:44:40.875,85.34
16-Feb-2024,22:08:39.6875,85.27
16-Feb-2024,18:08:59.1875,85.66
16-Feb-2024,16:53:11.90625,85.63
16-Feb-2024,13:27:20.1875,85.96
16-Feb-2024,12:17:03.6875,85.96
16-Feb-2024,10:38:39.90625,86.44
16-Feb-2024,09:02:15.90625,86.60
16-Feb-2024,07:13:08.34375,86.49
16-Feb-2024,04:25:59.59375,86.24
16-Feb-2024,04:25:50.5625,86.52
16-Feb-2024,01:26:29.65625,85.86
16-Feb-2024,00:04:58.1875,85.35
15-Feb-2024,23:18:18.3125,85.54
15-Feb-2024,20:46:16.46875,85.68
15-Feb-2024,18:11:24.1875,85.91
15-Feb-2024,17:28:42.5625,86.13
15-Feb-2024,15:10:34,86.16
15-Feb-2024,09:47:07.75,87.00
15-Feb-2024,09:46:56.75,86.88
15-Feb-2024,05:57:08.5625,86.63
14-Feb-2024,23:35:56.34375,85.48
14-Feb-2024,23:05:39.5,85.06
14-Feb-2024,21:00:09.4375,85.11
14-Feb-2024,20:59:54.4375,85.00
14-Feb-2024,18:13:44.75,85.24
14-Feb-2024,12:02:07.34375,85.99
14-Feb-2024,09:35:51.40625,86.31
14-Feb-2024,08:47:39.9375,86.12
14-Feb-2024,08:46:44.90625,85.93
14-Feb-2024,07:03:39.0625,85.83
14-Feb-2024,05:11:08.90625,85.39
14-Feb-2024,04:06:24.53125,84.94
14-Feb-2024,04:00:34.28125,84.68
14-Feb-2024,03:54:15.96875,84.84
14-Feb-2024,03:36:20.59375,84.65
14-Feb-2024,03:28:02.40625,84.39
14-Feb-2024,03:17:52.1875,84.04
14-Feb-2024,03:17:39.1875,83.71
14-Feb-2024,03:17:10.1875,83.26
14-Feb-2024,03:11:04.03125,82.81
14-Feb-2024,03:07:30.96875,82.50
14-Feb-2024,03:06:45.90625,82.11
14-Feb-2024,03:05:56.84375,82.06
14-Feb-2024,03:05:30.8125,81.91
14-Feb-2024,03:05:24.8125,82.04
14-Feb-2024,03:05:08.8125,81.60
14-Feb-2024,03:04:49.8125,81.14
14-Feb-2024,03:01:29.5625,80.53
14-Feb-2024,03:01:26.5625,80.30
14-Feb-2024,03:01:22.5625,80.36
14-Feb-2024,03:01:18.5625,80.41
14-Feb-2024,03:01:12.5625,80.32
14-Feb-2024,03:00:47.5625,79.79
14-Feb-2024,02:59:18.53125,79.99
14-Feb-2024,02:59:07.53125,79.79
14-Feb-2024,02:58:56.53125,79.25
14-Feb-2024,02:55:57.59375,79.14
14-Feb-2024,02:55:38.59375,79.38
14-Feb-2024,02:55:34.59375,79.02
14-Feb-2024,02:55:31.59375,79.77
14-Feb-2024,02:55:29.59375,80.16
14-Feb-2024,02:55:27.59375,79.37
14-Feb-2024,02:55:26.59375,78.27
14-Feb-2024,02:55:24.59375,80.13
14-Feb-2024,02:55:23.59375,78.40
14-Feb-2024,02:55:22.59375,76.03
14-Feb-2024,02:55:21.59375,79.08
14-Feb-2024,02:55:20.59375,79.31
14-Feb-2024,02:55:19.59375,75.20
14-Feb-2024,02:55:18.59375,76.13
14-Feb-2024,02:55:17.59375,79.94
14-Feb-2024,02:55:16.59375,76.38
14-Feb-2024,02:55:15.59375,74.59
14-Feb-2024,02:55:14.59375,79.11
14-Feb-2024,02:55:13.59375,77.00
14-Feb-2024,02:55:12.59375,73.54
14-Feb-2024,02:55:11.59375,77.18
14-Feb-2024,02:55:10.59375,76.89
14-Feb-2024,02:55:09.59375,73.76
14-Feb-2024,02:55:08.59375,75.40
14-Feb-2024,02:55:07.59375,75.93
14-Feb-2024,02:55:06.59375,74.02
14-Feb-2024,02:55:04.59375,74.05
14-Feb-2024,02:54:58.59375,70.00
14-Feb-2024,02:54:57.59375,68.97
14-Feb-2024,02:54:56.59375,68.36
14-Feb-2024,02:54:54.59375,65.16
14-Feb-2024,02:54:49.59375,55.98
14-Feb-2024,02:54:46.59375,50.85
14-Feb-2024,02:54:42.59375,44.63
14-Feb-2024,02:54:35.59375,34.24
14-Feb-2024,02:54:26.59375,23.11
14-Feb-2024,02:54:25.59375,22.25
14-Feb-2024,02:52:04.59375,21.90
14-Feb-2024,02:51:47.59375,21.08
14-Feb-2024,02:51:38.59375,19.70
14-Feb-2024,02:51:32.59375,17.68
14-Feb-2024,02:51:27.59375,14.64
14-Feb-2024,02:51:23.59375,10.91
14-Feb-2024,02:51:20.59375,7.09
14-Feb-2024,02:51:17.59375,2.24
14-Feb-2024,02:51:16.59375,0.00
13-Feb-2024,21:38:25.125,0.00
13-Feb-2024,13:48:02.71875,0.00
13-Feb-2024,05:57:37.46875,0.00
12-Feb-2024,22:07:12.71875,0.00
12-Feb-2024,14:16:49.03125,0.00
12-Feb-2024,06:26:30.90625,0.00
11-Feb-2024,22:36:06.78125,0.00
11-Feb-2024,14:45:40.3125,0.00
11-Feb-2024,06:55:18.03125,0.00
10-Feb-2024,23:04:58.78125,0.00
10-Feb-2024,15:14:38.875,0.00
10-Feb-2024,07:24:20.5,0.00
9-Feb-2024,23:34:02,0.00
9-Feb-2024,15:43:52.28125,0.00
9-Feb-2024,07:53:42.375,0.00
9-Feb-2024,00:03:29.46875,0.00
8-Feb-2024,16:13:15.75,0.00
8-Feb-2024,08:23:10.21875,0.00
8-Feb-2024,00:33:03.46875,0.00
7-Feb-2024,16:42:51.375,0.00
7-Feb-2024,08:52:37.28125,0.00
7-Feb-2024,01:02:24.8125,0.00
6-Feb-2024,17:12:17.5,0.00
6-Feb-2024,09:22:05.3125,0.00
6-Feb-2024,01:31:59.0625,0.00
5-Feb-2024,17:41:46.75,0.00
5-Feb-2024,09:51:41.375,0.00
5-Feb-2024,02:01:28.625,0.00
4-Feb-2024,18:11:22.09375,0.00
4-Feb-2024,10:21:07.65625,0.00
4-Feb-2024,02:30:56,0.00
3-Feb-2024,18:40:49.34375,0.00
3-Feb-2024,10:50:37.53125,0.00
3-Feb-2024,03:00:22.875,0.00
2-Feb-2024,19:10:09.34375,0.00
2-Feb-2024,11:19:57.59375,0.00
2-Feb-2024,03:29:44.84375,0.00
1-Feb-2024,19:39:36.8125,0.00
1-Feb-2024,11:49:24.09375,0.00
1-Feb-2024,03:59:11.625,0.00
31-Jan-2024,20:08:57.875,0.00
31-Jan-2024,12:18:47.1875,0.00
31-Jan-2024,04:28:39,0.00
30-Jan-2024,20:38:25.78125,0.00
30-Jan-2024,12:48:11.25,0.00
30-Jan-2024,04:57:58.96875,0.00
29-Jan-2024,21:07:52.1875,0.00
29-Jan-2024,13:17:41.15625,0.00
29-Jan-2024,13:17:41.09375,Bad
29-Jan-2024,13:17:39.09375,0.00
29-Jan-2024,13:17:33.09375,Bad
29-Jan-2024,06:29:23.5,0.00
29-Jan-2024,06:29:20.705,Intf,Shut
29-Jan-2024,05:42:02.3125,0.00
28-Jan-2024,21:51:49.21875,0.00
28-Jan-2024,14:01:39.15625,0.00
28-Jan-2024,06:11:29.53125,0.00
27-Jan-2024,22:21:08.84375,0.00
27-Jan-2024,14:31:02.21875,0.00
27-Jan-2024,06:40:48.875,0.00
26-Jan-2024,22:50:33.25,0.00
26-Jan-2024,15:00:22.15625,0.00
26-Jan-2024,07:10:16.25,0.00
25-Jan-2024,23:20:08.6875,0.00
25-Jan-2024,15:29:56.375,0.00
25-Jan-2024,07:39:50.59375,0.00
24-Jan-2024,23:49:45.1875,0.00
24-Jan-2024,15:59:39.4375,0.00
24-Jan-2024,08:09:23.40625,0.00
24-Jan-2024,08:09:15.259,Intf,Shut
24-Jan-2024,08:08:17.375,0.00
16-Jan-2024,14:09:12.6875,0.00
16-Jan-2024,10:19:05.75,0.00
16-Jan-2024,02:28:49.125,0.07
16-Jan-2024,02:28:10.125,0.49
16-Jan-2024,02:27:10.125,2.02
16-Jan-2024,02:26:34.09375,4.13
16-Jan-2024,02:26:11.0625,6.75
16-Jan-2024,02:25:56.0625,9.66
16-Jan-2024,02:25:46.0625,12.76
16-Jan-2024,02:25:42.0625,14.18
16-Jan-2024,02:25:40.0625,12.37
16-Jan-2024,02:25:37.0625,8.91
16-Jan-2024,02:25:34.0625,4.44
16-Jan-2024,02:25:32.0625,0.69
16-Jan-2024,02:25:31.0625,0.00
16-Jan-2024,00:35:33.40625,0.00
15-Jan-2024,16:45:00.125,0.00
15-Jan-2024,08:54:29.40625,0.00
15-Jan-2024,01:04:02.75,0.00
14-Jan-2024,17:13:44.71875,0.00
14-Jan-2024,09:23:26.09375,0.00
14-Jan-2024,01:33:06.28125,0.00
13-Jan-2024,17:42:45.75,0.00
13-Jan-2024,09:52:27.4375,0.00
13-Jan-2024,02:02:09.0625,0.00
12-Jan-2024,18:11:53.21875,0.00
12-Jan-2024,10:21:33.78125,0.00
12-Jan-2024,02:31:05.84375,0.00
11-Jan-2024,18:40:46.75,0.00
11-Jan-2024,10:50:29.75,0.00
11-Jan-2024,03:00:11.8125,0.00
10-Jan-2024,19:09:49.78125,0.00
10-Jan-2024,11:19:30.90625,0.00
10-Jan-2024,03:29:05.4375,0.00
9-Jan-2024,19:38:44.46875,0.00
9-Jan-2024,11:48:29.625,0.00
9-Jan-2024,03:58:08.84375,0.00
8-Jan-2024,20:07:48.21875,0.00
8-Jan-2024,12:17:28.75,0.00
8-Jan-2024,04:27:08.75,0.00
7-Jan-2024,20:36:53.71875,0.00
7-Jan-2024,12:46:32.875,0.00
7-Jan-2024,04:56:06.25,0.00
6-Jan-2024,21:05:45.65625,0.00
6-Jan-2024,13:15:25.15625,0.00
6-Jan-2024,05:25:07.6875,0.00
5-Jan-2024,21:34:50.96875,0.00
5-Jan-2024,13:44:30.25,0.00
5-Jan-2024,05:54:08.78125,0.00
4-Jan-2024,22:03:49.1875,0.00
4-Jan-2024,14:13:29.75,0.00
4-Jan-2024,06:23:10.5625,0.00
3-Jan-2024,22:32:57.59375,0.00
3-Jan-2024,14:42:36.40625,0.00
3-Jan-2024,06:52:11.5,0.00
2-Jan-2024,23:01:52.15625,0.00
2-Jan-2024,15:11:34.84375,0.00
2-Jan-2024,07:21:08.9375,0.00
1-Jan-2024,23:30:51.28125,0.00
1-Jan-2024,15:40:38.40625,0.00
1-Jan-2024,07:50:33.375,0.00
1-Jan-2024,00:00:27.6875,0.00
31-Dec-2023,16:10:14.15625,0.00
31-Dec-2023,08:20:04.34375,0.00
31-Dec-2023,00:29:48.0625,0.00
30-Dec-2023,16:39:34.6875,0.00
30-Dec-2023,08:49:15.5625,0.00
30-Dec-2023,00:58:54.4375,0.00
29-Dec-2023,17:08:39.875,0.00
29-Dec-2023,09:18:26.5625,0.00
29-Dec-2023,01:28:06.75,0.00
28-Dec-2023,17:37:47.0625,0.00
28-Dec-2023,09:47:30.375,0.00
28-Dec-2023,01:57:19.625,0.00
27-Dec-2023,18:07:00.875,0.00
27-Dec-2023,10:16:39.8125,0.00
27-Dec-2023,02:26:24.5,0.00
26-Dec-2023,18:36:11.90625,0.00
26-Dec-2023,10:45:59.09375,0.00
26-Dec-2023,02:55:53.15625,0.00
25-Dec-2023,19:05:41.34375,0.00
25-Dec-2023,11:15:28.59375,0.00
25-Dec-2023,03:25:16.4375,0.00
24-Dec-2023,19:35:04.3125,0.00
24-Dec-2023,11:44:50.3125,0.00
24-Dec-2023,03:54:38.28125,0.00
23-Dec-2023,20:04:13.84375,0.00
23-Dec-2023,12:13:54.3125,0.00
23-Dec-2023,04:23:31.0625,0.00
22-Dec-2023,20:33:14.53125,0.00
22-Dec-2023,12:42:54,0.00
22-Dec-2023,04:52:29,0.00
21-Dec-2023,21:02:09,0.00
21-Dec-2023,13:11:53.90625,0.00
21-Dec-2023,05:21:34.8125,0.00
20-Dec-2023,21:31:15.375,0.00
20-Dec-2023,13:40:50.90625,0.00
20-Dec-2023,05:50:25.3125,0.00
19-Dec-2023,22:00:08.125,0.00
19-Dec-2023,14:09:49.65625,0.00
19-Dec-2023,06:19:31.78125,0.00
18-Dec-2023,22:29:11.875,0.00
18-Dec-2023,14:38:47.375,0.00
18-Dec-2023,06:48:25.09375,0.00
17-Dec-2023,22:57:56.84375,0.00
17-Dec-2023,15:07:31.9375,0.00
17-Dec-2023,07:17:06.84375,0.00
16-Dec-2023,23:26:48.9375,0.00
16-Dec-2023,15:36:21.34375,0.00
16-Dec-2023,07:45:57.21875,0.00
15-Dec-2023,23:55:29.90625,0.00
15-Dec-2023,16:05:06.0625,0.00
15-Dec-2023,08:14:46.875,0.00
15-Dec-2023,00:24:26.90625,0.00
14-Dec-2023,16:34:13.09375,0.00
14-Dec-2023,08:43:53.6875,0.00
14-Dec-2023,00:53:42.59375,0.00
13-Dec-2023,17:03:24.40625,0.00
13-Dec-2023,09:13:04.40625,0.00
13-Dec-2023,01:22:47.375,0.10
13-Dec-2023,01:21:26.3125,0.93
13-Dec-2023,01:19:44.28125,2.56
13-Dec-2023,01:18:53.28125,4.48
13-Dec-2023,01:18:23.28125,6.78
13-Dec-2023,01:18:04.28125,9.41
13-Dec-2023,01:17:51.28125,12.42
13-Dec-2023,01:17:41.28125,16.05
13-Dec-2023,01:17:34.28125,19.95
13-Dec-2023,01:17:29.28125,23.88
13-Dec-2023,01:17:25.28125,28.27
13-Dec-2023,01:17:22.28125,32.59
13-Dec-2023,01:17:19.28125,38.32
13-Dec-2023,01:17:17.28125,43.25
13-Dec-2023,01:17:15.28125,49.43
13-Dec-2023,01:17:14.28125,53.18
13-Dec-2023,01:17:13.28125,57.58
13-Dec-2023,01:17:12.28125,62.92
13-Dec-2023,01:17:11.28125,64.78
13-Dec-2023,01:17:10.28125,64.99
13-Dec-2023,01:17:09.28125,64.73
13-Dec-2023,01:17:07.28125,64.87
13-Dec-2023,01:17:05.28125,65.01
13-Dec-2023,01:17:04.28125,64.71
13-Dec-2023,01:17:02.28125,64.89
13-Dec-2023,01:17:00.28125,64.99
13-Dec-2023,01:16:56.28125,64.74
13-Dec-2023,01:16:55.28125,64.99
13-Dec-2023,01:16:51.28125,64.73
13-Dec-2023,01:16:50.28125,64.97
13-Dec-2023,01:16:48.28125,64.84
13-Dec-2023,01:16:46.28125,64.71
13-Dec-2023,01:16:45.28125,64.98
13-Dec-2023,01:16:41.25,64.73
13-Dec-2023,01:16:40.25,64.99
13-Dec-2023,01:16:38.25,64.84
13-Dec-2023,01:16:36.25,64.70
13-Dec-2023,01:16:35.25,64.98
13-Dec-2023,01:16:33.25,64.83
13-Dec-2023,01:16:31.25,64.71
13-Dec-2023,01:16:30.25,64.97
13-Dec-2023,01:16:28.25,64.82
13-Dec-2023,01:16:26.25,64.70
13-Dec-2023,01:16:25.25,64.93
13-Dec-2023,01:16:21.25,64.71
13-Dec-2023,01:16:20.25,64.94
13-Dec-2023,01:16:13.21875,64.80
13-Dec-2023,01:16:11.21875,64.69
13-Dec-2023,01:16:10.21875,64.97
13-Dec-2023,01:16:06.21875,64.71
13-Dec-2023,01:16:05.21875,64.96
13-Dec-2023,01:16:01.21875,64.71
13-Dec-2023,01:16:00.1875,64.96
13-Dec-2023,01:15:59.1875,64.71
13-Dec-2023,01:15:57.1875,64.86
13-Dec-2023,01:15:55.15625,64.96
13-Dec-2023,01:15:54.15625,64.70
13-Dec-2023,01:15:50.15625,64.95
13-Dec-2023,01:15:49.15625,64.68
13-Dec-2023,01:15:48.15625,64.93
13-Dec-2023,01:15:44.15625,64.73
13-Dec-2023,01:15:43.15625,64.98
13-Dec-2023,01:15:42.15625,64.74
13-Dec-2023,01:15:38.15625,64.95
13-Dec-2023,01:15:37.15625,64.71
13-Dec-2023,01:15:36.15625,64.92
13-Dec-2023,01:15:32.15625,64.71
13-Dec-2023,01:15:31.15625,64.98
13-Dec-2023,01:15:30.15625,64.71
13-Dec-2023,01:15:29.15625,64.91
13-Dec-2023,01:15:25.15625,64.69
13-Dec-2023,01:15:24.15625,64.97
13-Dec-2023,01:15:23.15625,64.73
13-Dec-2023,01:15:19.15625,64.93
13-Dec-2023,01:15:18.15625,64.66
13-Dec-2023,01:15:17.15625,64.98
13-Dec-2023,01:15:16.15625,64.71
13-Dec-2023,01:15:12.15625,64.94
13-Dec-2023,01:15:11.15625,64.67
13-Dec-2023,01:15:10.15625,64.95
13-Dec-2023,01:15:09.15625,64.74
13-Dec-2023,01:15:05.15625,64.92
13-Dec-2023,01:15:04.15625,64.66
13-Dec-2023,01:15:03.15625,64.96
13-Dec-2023,01:15:02.15625,64.70
13-Dec-2023,01:15:01.15625,64.90
13-Dec-2023,01:14:57.15625,64.69
13-Dec-2023,01:14:56.15625,64.96
13-Dec-2023,01:14:55.15625,64.68
13-Dec-2023,01:14:54.15625,64.93
13-Dec-2023,01:14:53.15625,64.77
13-Dec-2023,01:14:49.15625,64.97
13-Dec-2023,01:14:48.15625,64.70
13-Dec-2023,01:14:47.15625,64.94
13-Dec-2023,01:14:46.15625,64.70
13-Dec-2023,01:14:45.15625,64.90
13-Dec-2023,01:14:41.15625,64.70
13-Dec-2023,01:14:40.15625,64.94
13-Dec-2023,01:14:39.15625,64.69
13-Dec-2023,01:14:38.15625,64.95
13-Dec-2023,01:14:32.15625,64.70
13-Dec-2023,01:14:31.15625,64.98
13-Dec-2023,01:14:30.15625,64.68
13-Dec-2023,01:14:29.15625,64.92
13-Dec-2023,01:14:25.15625,64.75
13-Dec-2023,01:14:23.15625,64.68
13-Dec-2023,01:14:22.15625,64.96
13-Dec-2023,01:14:21.15625,64.66
13-Dec-2023,01:14:20.15625,64.94
13-Dec-2023,01:14:14.15625,64.69
13-Dec-2023,01:14:13.15625,64.96
13-Dec-2023,01:14:12.15625,64.64
13-Dec-2023,01:14:11.15625,64.95
13-Dec-2023,01:14:10.15625,64.70
13-Dec-2023,01:14:05.15625,64.78
13-Dec-2023,01:14:03.15625,64.69
13-Dec-2023,01:14:02.15625,64.96
13-Dec-2023,01:14:01.15625,64.67
13-Dec-2023,01:14:00.15625,64.95
13-Dec-2023,01:13:59.15625,64.69
13-Dec-2023,01:13:53.125,64.91
13-Dec-2023,01:13:52.125,64.68
13-Dec-2023,01:13:51.125,64.96
13-Dec-2023,01:13:50.125,64.66
13-Dec-2023,01:13:49.125,64.95
13-Dec-2023,01:13:48.125,64.69
13-Dec-2023,01:13:44.125,64.86
13-Dec-2023,01:13:42.125,64.91
13-Dec-2023,01:13:41.125,64.64
13-Dec-2023,01:13:40.125,64.95
13-Dec-2023,01:13:39.125,64.65
13-Dec-2023,01:13:38.125,64.92
13-Dec-2023,01:13:37.125,64.69
13-Dec-2023,01:13:33.125,64.85
13-Dec-2023,01:13:31.125,64.92
13-Dec-2023,01:13:30.125,64.66
13-Dec-2023,01:13:29.125,64.94
13-Dec-2023,01:13:28.125,64.65
13-Dec-2023,01:13:27.125,64.95
13-Dec-2023,01:13:26.125,64.70
13-Dec-2023,01:13:21.125,64.70
13-Dec-2023,01:13:20.125,64.93
13-Dec-2023,01:13:19.125,64.64
13-Dec-2023,01:13:18.125,64.95
13-Dec-2023,01:13:17.125,64.66
13-Dec-2023,01:13:16.125,64.91
13-Dec-2023,01:13:15.09375,64.69
13-Dec-2023,01:13:11.09375,64.84
13-Dec-2023,01:13:09.09375,64.92
13-Dec-2023,01:13:08.09375,64.64
13-Dec-2023,01:13:07.09375,64.94
13-Dec-2023,01:13:06.09375,64.65
13-Dec-2023,01:13:05.09375,64.92
13-Dec-2023,01:12:59.09375,64.69
13-Dec-2023,01:12:58.09375,64.92
13-Dec-2023,01:12:57.09375,64.64
13-Dec-2023,01:12:56.09375,64.92
13-Dec-2023,01:12:55.09375,64.62
13-Dec-2023,01:12:54.09375,64.91
13-Dec-2023,01:12:53.09375,64.64
13-Dec-2023,01:12:47.09375,64.90
13-Dec-2023,01:12:46.09375,64.64
13-Dec-2023,01:12:45.09375,64.97
13-Dec-2023,01:12:44.09375,64.68
13-Dec-2023,01:12:43.09375,64.99
13-Dec-2023,01:12:42.09375,64.75
13-Dec-2023,01:12:35.09375,65.41
13-Dec-2023,01:12:33.09375,66.06
13-Dec-2023,01:12:32.09375,67.03
13-Dec-2023,01:12:30.09375,69.69
13-Dec-2023,01:12:26.09375,73.92
13-Dec-2023,01:12:23.09375,76.16
13-Dec-2023,01:12:17.09375,79.91
13-Dec-2023,01:11:55.09375,79.93
13-Dec-2023,01:11:43.09375,80.03
13-Dec-2023,01:11:30.09375,79.86
13-Dec-2023,01:11:26.09375,78.73
13-Dec-2023,01:11:19.09375,78.59
13-Dec-2023,01:10:13.03125,81.46
13-Dec-2023,01:09:46.03125,82.80
13-Dec-2023,01:00:44.40625,83.03
13-Dec-2023,01:00:39.40625,82.78
13-Dec-2023,01:00:32.375,82.48
13-Dec-2023,01:00:00.34375,82.11
13-Dec-2023,00:56:49.21875,81.88
13-Dec-2023,00:56:37.21875,82.19
13-Dec-2023,00:55:49.125,82.36
13-Dec-2023,00:55:22.09375,83.18
13-Dec-2023,00:54:32.09375,83.41
13-Dec-2023,00:53:52,83.93
13-Dec-2023,00:52:24.96875,85.21
12-Dec-2023,21:08:47.59375,85.23
12-Dec-2023,17:24:11.28125,85.47
12-Dec-2023,10:56:16.5,86.59
12-Dec-2023,08:33:27.125,87.00
12-Dec-2023,06:31:13.21875,86.97
12-Dec-2023,04:06:08.8125,86.61
12-Dec-2023,00:58:04.5625,85.30
11-Dec-2023,23:13:12.6875,84.94
11-Dec-2023,21:32:02.625,85.01
11-Dec-2023,17:08:28.1875,85.43
11-Dec-2023,14:34:24.09375,85.65
11-Dec-2023,13:19:26.625,85.96
11-Dec-2023,11:06:15.15625,86.43
11-Dec-2023,09:09:04.5625,86.88
11-Dec-2023,05:49:11.09375,86.81
11-Dec-2023,04:08:56.34375,86.49
11-Dec-2023,00:40:19.125,85.07
10-Dec-2023,22:46:44.5625,84.79
10-Dec-2023,21:16:07.15625,84.81
10-Dec-2023,20:30:45.75,84.85
10-Dec-2023,18:39:39.65625,85.23
10-Dec-2023,17:16:30.625,85.37
10-Dec-2023,13:25:22.09375,85.83
10-Dec-2023,12:21:36.4375,85.88
10-Dec-2023,09:41:37.5,86.32
10-Dec-2023,06:02:55.25,86.32
10-Dec-2023,01:27:56.59375,85.47
9-Dec-2023,23:06:16.96875,85.05
9-Dec-2023,21:16:06.125,85.09
9-Dec-2023,19:48:06.1875,85.45
9-Dec-2023,18:52:32.5625,85.48
9-Dec-2023,18:34:40.125,85.46
9-Dec-2023,17:24:04.5625,85.51
9-Dec-2023,16:27:04.90625,85.45
9-Dec-2023,15:55:08.0625,85.49
9-Dec-2023,15:17:03.84375,85.56
9-Dec-2023,13:51:21.5625,85.96
9-Dec-2023,12:42:36.84375,86.05
9-Dec-2023,09:06:51.53125,86.54
9-Dec-2023,06:12:49.71875,86.53
9-Dec-2023,06:05:08.53125,86.41
9-Dec-2023,03:45:19.25,86.47
9-Dec-2023,03:25:49.75,86.47
9-Dec-2023,02:20:26.375,86.34
9-Dec-2023,00:31:30.3125,85.86
8-Dec-2023,22:53:54.09375,85.94
8-Dec-2023,19:11:05.78125,86.46
8-Dec-2023,18:07:37.9375,86.45
8-Dec-2023,18:00:13.71875,86.76
8-Dec-2023,16:12:12.125,86.46
8-Dec-2023,11:49:10.25,86.77
8-Dec-2023,10:21:50.59375,86.50
8-Dec-2023,10:19:40.59375,86.18
8-Dec-2023,10:19:15.59375,85.87
8-Dec-2023,10:18:51.59375,85.72
8-Dec-2023,10:17:32.59375,83.56
8-Dec-2023,10:16:54.59375,82.11
8-Dec-2023,10:15:40.5625,82.07
8-Dec-2023,10:15:35.5625,82.20
8-Dec-2023,10:15:29.5625,82.26
8-Dec-2023,10:15:25.5625,82.06
8-Dec-2023,10:15:15.5625,81.96
8-Dec-2023,10:14:27.5625,81.82
8-Dec-2023,10:14:05.53125,81.52
8-Dec-2023,10:13:46.53125,80.34
8-Dec-2023,10:13:18.53125,80.39
8-Dec-2023,10:12:17.6875,80.81
8-Dec-2023,10:11:49.6875,80.70
8-Dec-2023,10:11:44.6875,81.77
8-Dec-2023,10:11:42.6875,81.13
8-Dec-2023,10:11:41.6875,80.00
8-Dec-2023,10:11:40.6875,79.51
8-Dec-2023,10:11:39.6875,80.83
8-Dec-2023,10:11:38.6875,79.96
8-Dec-2023,10:11:37.6875,77.34
8-Dec-2023,10:11:36.6875,78.26
8-Dec-2023,10:11:35.6875,79.73
8-Dec-2023,10:11:34.6875,76.56
8-Dec-2023,10:11:33.6875,76.57
8-Dec-2023,10:11:32.6875,78.14
8-Dec-2023,10:11:31.6875,76.38
8-Dec-2023,10:11:30.6875,75.33
8-Dec-2023,10:11:29.6875,76.21
8-Dec-2023,10:11:28.6875,75.80
8-Dec-2023,10:11:27.6875,74.95
8-Dec-2023,10:11:26.6875,74.54
8-Dec-2023,10:11:21.6875,71.43
8-Dec-2023,10:11:17.6875,68.53
8-Dec-2023,10:11:16.6875,66.99
8-Dec-2023,10:11:08.6875,51.89
8-Dec-2023,10:11:03.6875,43.87
8-Dec-2023,10:10:55.65625,32.28
8-Dec-2023,10:10:49.65625,24.52
8-Dec-2023,10:10:47.65625,22.70
8-Dec-2023,10:10:46.65625,22.43
8-Dec-2023,10:10:43.65625,18.81
8-Dec-2023,10:10:39.65625,15.54
8-Dec-2023,10:10:38.65625,15.55
8-Dec-2023,10:10:33.65625,18.09
8-Dec-2023,10:10:32.65625,17.67
8-Dec-2023,10:10:27.625,14.80
8-Dec-2023,10:10:26.625,14.89
8-Dec-2023,10:10:21.625,17.45
8-Dec-2023,10:10:15.625,21.72
8-Dec-2023,10:10:09.59375,21.64
8-Dec-2023,10:09:58.5625,20.72
8-Dec-2023,10:09:50.53125,18.87
8-Dec-2023,10:09:45.53125,16.63
8-Dec-2023,10:09:44.53125,16.62
8-Dec-2023,10:09:42.53125,17.80
8-Dec-2023,10:09:39.53125,19.05
8-Dec-2023,10:09:33.53125,16.50
8-Dec-2023,10:09:31.53125,16.32
8-Dec-2023,10:09:28.53125,18.08
8-Dec-2023,10:09:23.53125,21.76
8-Dec-2023,10:09:13.53125,21.79
8-Dec-2023,10:09:00.5,20.84
8-Dec-2023,10:08:51.40625,19.02
8-Dec-2023,10:08:46.375,16.89
8-Dec-2023,10:08:45.375,17.18
8-Dec-2023,10:08:39.375,21.46
8-Dec-2023,10:08:38.375,21.70
8-Dec-2023,10:08:31.375,21.22
8-Dec-2023,10:08:21.375,19.50
8-Dec-2023,10:08:15.34375,17.30
8-Dec-2023,10:08:14.28125,17.46
8-Dec-2023,10:08:09.28125,20.91
8-Dec-2023,10:08:02.28125,20.84
8-Dec-2023,10:07:56.28125,20.37
8-Dec-2023,10:07:49.28125,18.85
8-Dec-2023,10:07:43.25,16.00
8-Dec-2023,10:07:39.25,13.08
8-Dec-2023,10:07:35.25,9.07
8-Dec-2023,10:07:30.25,2.66
8-Dec-2023,10:07:28.25,0.36
8-Dec-2023,10:07:27.25,0.04
8-Dec-2023,10:06:05.1875,1.23
8-Dec-2023,10:05:08.125,2.98
8-Dec-2023,10:04:35.09375,5.10
8-Dec-2023,10:04:13.09375,7.81
8-Dec-2023,10:03:58.09375,10.95
8-Dec-2023,10:03:48.09375,14.29
8-Dec-2023,10:03:41.09375,17.75
8-Dec-2023,10:03:34.09375,22.95
8-Dec-2023,10:03:32.09375,22.27
8-Dec-2023,10:01:11.03125,21.92
8-Dec-2023,10:00:51.96875,20.98
8-Dec-2023,10:00:43.96875,19.59
8-Dec-2023,10:00:37.96875,17.32
8-Dec-2023,10:00:32.96875,13.99
8-Dec-2023,10:00:28.96875,10.12
8-Dec-2023,10:00:25.96875,6.28
8-Dec-2023,10:00:22.96875,1.26
8-Dec-2023,10:00:21.96875,0.00
8-Dec-2023,08:59:47.9375,0.00
8-Dec-2023,01:09:10.34375,0.00
7-Dec-2023,17:18:33.75,0.00
7-Dec-2023,09:27:59.125,0.00
7-Dec-2023,01:37:25,0.00
6-Dec-2023,17:46:50.78125,0.00
6-Dec-2023,09:56:14.53125,0.00
6-Dec-2023,02:05:40.53125,0.00
5-Dec-2023,18:15:10.5,0.00
5-Dec-2023,10:24:36.5625,0.00
5-Dec-2023,02:34:03.28125,0.00
4-Dec-2023,18:43:28.53125,0.00
4-Dec-2023,10:52:52.90625,0.00
4-Dec-2023,03:02:17.125,0.00
4-Dec-2023,03:01:12.71875,Bad
4-Dec-2023,02:59:47.6875,0.00
4-Dec-2023,01:57:30.1875,Bad
4-Dec-2023,01:20:49.65625,0.00
3-Dec-2023,17:30:14.09375,0.00
3-Dec-2023,09:39:36.28125,0.00
3-Dec-2023,01:49:00.71875,0.00
2-Dec-2023,17:58:29.84375,0.00
2-Dec-2023,10:07:56.0625,0.00
2-Dec-2023,02:17:28.21875,0.00
1-Dec-2023,18:26:55.09375,0.00
1-Dec-2023,10:36:17.84375,0.00
1-Dec-2023,02:45:48.34375,0.00
30-Nov-2023,18:55:13.75,0.00
30-Nov-2023,11:04:41.15625,0.00
30-Nov-2023,03:14:05.5625,0.00
29-Nov-2023,19:23:31.71875,0.00
29-Nov-2023,11:32:59.6875,0.00
29-Nov-2023,03:42:24.84375,0.00
28-Nov-2023,19:51:44.40625,0.00
28-Nov-2023,12:01:05.96875,0.00
28-Nov-2023,04:10:28.71875,0.00
27-Nov-2023,20:19:52.9375,0.00
27-Nov-2023,12:29:15.375,0.00
27-Nov-2023,12:29:02.54201,Intf,Shut
27-Nov-2023,08:37:49.84375,0.00
27-Nov-2023,00:47:17.09375,0.00
26-Nov-2023,16:56:38.84375,0.00
26-Nov-2023,09:06:05.78125,0.00
26-Nov-2023,01:15:40.1875,0.00
25-Nov-2023,17:25:17.28125,0.00
25-Nov-2023,09:34:58.625,0.00
25-Nov-2023,09:34:10.5625,0.45
25-Nov-2023,09:31:48.28125,2.25
25-Nov-2023,09:30:48.1875,4.16
25-Nov-2023,09:30:15.09375,6.39
25-Nov-2023,09:29:54.09375,9.03
25-Nov-2023,09:29:40.0625,12.00
25-Nov-2023,09:29:30,15.29
25-Nov-2023,09:29:22.9375,18.70
25-Nov-2023,09:29:17.9375,22.04
25-Nov-2023,09:29:12.9375,26.65
25-Nov-2023,09:29:09.9375,30.35
25-Nov-2023,09:29:06.9375,35.11
25-Nov-2023,09:29:03.9375,41.49
25-Nov-2023,09:29:01.9375,46.99
25-Nov-2023,09:28:59.9375,53.96
25-Nov-2023,09:28:57.9375,63.45
25-Nov-2023,09:28:55.9375,65.98
25-Nov-2023,09:28:53.90625,65.86
25-Nov-2023,09:28:52.90625,66.11
25-Nov-2023,09:28:50.90625,65.95
25-Nov-2023,09:28:47.90625,66.05
25-Nov-2023,09:28:43.90625,65.84
25-Nov-2023,09:28:39.90625,66.09
25-Nov-2023,09:28:38.90625,65.88
25-Nov-2023,09:28:34.875,66.07
25-Nov-2023,09:28:30.875,65.81
25-Nov-2023,09:28:29.875,66.05
25-Nov-2023,09:28:23.875,66.00
25-Nov-2023,09:28:21.875,66.09
25-Nov-2023,09:28:20.875,65.87
25-Nov-2023,09:28:09.875,65.91
25-Nov-2023,09:28:06.875,66.05
25-Nov-2023,09:27:59.84375,65.90
25-Nov-2023,09:27:57.84375,65.84
25-Nov-2023,09:27:51.84375,66.02
25-Nov-2023,09:27:43.8125,66.08
25-Nov-2023,09:27:42.8125,65.85
25-Nov-2023,09:27:41.78125,66.05
25-Nov-2023,09:27:32.78125,65.85
25-Nov-2023,09:27:26.78125,66.07
25-Nov-2023,09:27:25.78125,65.82
25-Nov-2023,09:27:21.78125,66.03
25-Nov-2023,09:27:18.78125,65.83
25-Nov-2023,09:27:14.78125,66.05
25-Nov-2023,09:27:11.75,65.84
25-Nov-2023,09:26:40.65625,66.07
25-Nov-2023,09:26:39.625,65.83
25-Nov-2023,09:26:31.625,66.08
25-Nov-2023,09:26:30.625,65.84
25-Nov-2023,09:26:29.625,66.08
25-Nov-2023,09:26:23.625,65.84
25-Nov-2023,09:26:22.625,66.08
25-Nov-2023,09:26:21.625,65.82
25-Nov-2023,09:26:12.625,65.84
25-Nov-2023,09:26:07.625,66.05
25-Nov-2023,09:25:59.59375,65.81
25-Nov-2023,09:25:58.59375,66.12
25-Nov-2023,09:25:57.59375,65.83
25-Nov-2023,09:25:56.59375,66.10
25-Nov-2023,09:25:43.59375,66.10
25-Nov-2023,09:25:42.59375,65.83
25-Nov-2023,09:25:34.59375,66.05
25-Nov-2023,09:25:33.59375,65.82
25-Nov-2023,09:25:18.5625,65.84
25-Nov-2023,09:25:17.5625,66.09
25-Nov-2023,09:25:03.5625,65.86
25-Nov-2023,09:25:02.5625,66.10
25-Nov-2023,09:25:01.5625,65.82
25-Nov-2023,09:24:48.5625,65.81
25-Nov-2023,09:24:47.53125,66.07
25-Nov-2023,09:24:46.53125,65.79
25-Nov-2023,09:24:45.53125,66.06
25-Nov-2023,09:24:38.53125,65.97
25-Nov-2023,09:24:32.53125,66.06
25-Nov-2023,09:24:31.53125,65.80
25-Nov-2023,09:24:30.53125,66.07
25-Nov-2023,09:24:29.53125,65.86
25-Nov-2023,09:24:20.53125,66.47
25-Nov-2023,09:24:18.53125,67.10
25-Nov-2023,09:24:13.53125,73.09
25-Nov-2023,09:24:09.53125,76.64
25-Nov-2023,09:24:02.53125,81.39
25-Nov-2023,09:24:00.53125,80.99
25-Nov-2023,09:23:33.53125,80.88
25-Nov-2023,09:22:49.46875,82.54
25-Nov-2023,09:22:21.46875,82.80
25-Nov-2023,09:22:03.4375,83.52
25-Nov-2023,09:20:43.125,83.57
25-Nov-2023,09:20:16.0625,84.32
25-Nov-2023,09:19:05.875,84.67
25-Nov-2023,09:17:54.78125,86.10
25-Nov-2023,09:12:48.15625,86.34
25-Nov-2023,07:09:13.625,86.54
25-Nov-2023,03:15:05.875,86.13
25-Nov-2023,00:33:25.96875,85.15
24-Nov-2023,21:58:14.84375,85.43
24-Nov-2023,15:59:15.6875,85.75
24-Nov-2023,08:07:27.65625,85.98
24-Nov-2023,04:32:02.75,85.57
24-Nov-2023,01:33:31.84375,85.54
24-Nov-2023,00:29:22.71875,85.50
23-Nov-2023,20:18:23.90625,85.56
23-Nov-2023,20:06:16.875,85.42
23-Nov-2023,16:28:16.0625,85.21
23-Nov-2023,14:56:10.625,85.19
23-Nov-2023,08:33:33.5625,86.49
23-Nov-2023,07:49:23.40625,86.72
23-Nov-2023,07:48:49.34375,86.39
23-Nov-2023,07:48:30.34375,85.94
23-Nov-2023,07:47:52.3125,85.66
23-Nov-2023,07:47:22.3125,84.60
23-Nov-2023,07:45:39.09375,84.11
23-Nov-2023,07:44:20.9375,83.79
23-Nov-2023,05:42:12.6875,83.96
23-Nov-2023,05:11:36.8125,83.99
23-Nov-2023,05:03:22.84375,84.13
23-Nov-2023,04:51:43.09375,84.25
23-Nov-2023,04:42:55.53125,84.48
23-Nov-2023,04:34:09.53125,84.66
23-Nov-2023,04:27:04.03125,84.45
23-Nov-2023,03:50:46.78125,84.25
23-Nov-2023,03:10:51.0625,84.11
23-Nov-2023,03:04:21.9375,84.06
23-Nov-2023,02:42:17.5,83.85
23-Nov-2023,02:24:41.84375,84.00
23-Nov-2023,02:01:25.0625,83.72
23-Nov-2023,01:26:04.8125,83.77
23-Nov-2023,01:21:50.4375,83.93
23-Nov-2023,01:21:35.40625,84.38
23-Nov-2023,00:54:02.53125,84.38
22-Nov-2023,23:43:44.875,84.02
22-Nov-2023,23:38:38.59375,83.88
22-Nov-2023,23:21:23.3125,83.80
22-Nov-2023,23:02:39.84375,83.90
22-Nov-2023,22:34:34.75,83.70
22-Nov-2023,22:24:31.03125,83.73
22-Nov-2023,22:09:04.09375,83.83
22-Nov-2023,21:50:33.75,83.98
22-Nov-2023,21:06:35.34375,83.85
22-Nov-2023,20:53:40.5625,83.97
22-Nov-2023,20:31:16.59375,83.81
22-Nov-2023,19:41:45.625,84.03
22-Nov-2023,19:07:33.4375,84.04
22-Nov-2023,18:52:59.15625,84.08
22-Nov-2023,18:35:13.875,84.23
22-Nov-2023,18:18:45.5,84.32
22-Nov-2023,17:56:08.625,84.27
22-Nov-2023,17:45:01.78125,84.43
22-Nov-2023,17:39:11.375,84.38
22-Nov-2023,17:27:28.6875,84.45
22-Nov-2023,15:13:44.65625,84.58
22-Nov-2023,13:00:32.03125,84.84
22-Nov-2023,11:59:56.28125,84.89
22-Nov-2023,08:24:33.0625,85.07
22-Nov-2023,07:09:36.09375,84.82
22-Nov-2023,06:52:56.9375,84.62
22-Nov-2023,06:40:31.125,84.30
22-Nov-2023,06:34:04.5,83.95
22-Nov-2023,06:32:48.40625,83.72
22-Nov-2023,06:32:09.40625,83.09
22-Nov-2023,06:32:00.40625,83.25
22-Nov-2023,06:31:21.40625,82.55
22-Nov-2023,06:28:53.1875,82.13
22-Nov-2023,06:28:35.15625,81.85
22-Nov-2023,06:27:39.96875,81.57
22-Nov-2023,06:27:22.96875,81.07
22-Nov-2023,06:27:08.9375,80.98
22-Nov-2023,06:25:19.65625,80.71
22-Nov-2023,06:25:17.65625,80.97
22-Nov-2023,06:24:57.65625,80.53
22-Nov-2023,06:24:18.59375,80.29
22-Nov-2023,06:22:29.4375,80.02
22-Nov-2023,06:22:16.40625,79.71
22-Nov-2023,06:21:59.40625,79.46
22-Nov-2023,06:21:22.375,79.33
22-Nov-2023,06:19:23.3125,79.23
22-Nov-2023,06:16:54.21875,79.43
22-Nov-2023,06:16:48.1875,79.94
22-Nov-2023,06:16:45.1875,79.37
22-Nov-2023,06:16:42.15625,79.56
22-Nov-2023,06:16:40.15625,80.92
22-Nov-2023,06:16:39.15625,81.24
22-Nov-2023,06:16:38.15625,80.98
22-Nov-2023,06:16:37.15625,79.77
22-Nov-2023,06:16:36.15625,77.24
22-Nov-2023,06:16:35.15625,77.86
22-Nov-2023,06:16:34.15625,80.45
22-Nov-2023,06:16:32.15625,75.30
22-Nov-2023,06:16:31.15625,79.38
22-Nov-2023,06:16:30.15625,79.23
22-Nov-2023,06:16:29.15625,74.59
22-Nov-2023,06:16:28.15625,76.72
22-Nov-2023,06:16:27.15625,79.57
22-Nov-2023,06:16:26.15625,74.86
22-Nov-2023,06:16:25.15625,75.19
22-Nov-2023,06:16:24.15625,78.36
22-Nov-2023,06:16:23.15625,75.83
22-Nov-2023,06:16:22.125,74.77
22-Nov-2023,06:16:21.125,76.49
22-Nov-2023,06:16:20.125,75.59
22-Nov-2023,06:16:19.125,74.25
22-Nov-2023,06:16:18.125,74.50
22-Nov-2023,06:16:17.125,74.27
22-Nov-2023,06:16:15.09375,72.88
22-Nov-2023,06:16:13.09375,71.29
22-Nov-2023,06:16:12.09375,70.85
22-Nov-2023,06:16:09.09375,68.13
22-Nov-2023,06:16:08.09375,66.29
22-Nov-2023,06:16:07.09375,64.90
22-Nov-2023,06:16:06.09375,62.81
22-Nov-2023,06:16:01.09375,53.66
22-Nov-2023,06:15:58.09375,48.62
22-Nov-2023,06:15:53.09375,41.29
22-Nov-2023,06:15:47.09375,33.16
22-Nov-2023,06:15:38.09375,22.79
22-Nov-2023,06:15:37.09375,22.11
22-Nov-2023,06:10:55.53125,22.21
22-Nov-2023,06:10:30.53125,21.41
22-Nov-2023,06:10:21.5,20.28
22-Nov-2023,06:10:15.46875,18.39
22-Nov-2023,06:10:10.46875,15.61
22-Nov-2023,06:10:06.46875,12.27
22-Nov-2023,06:10:02.46875,7.61
22-Nov-2023,06:09:57.4375,0.15
22-Nov-2023,05:51:07.46875,0.10
22-Nov-2023,05:49:23.21875,1.58
22-Nov-2023,05:48:25.1875,3.37
22-Nov-2023,05:47:52.15625,5.55
22-Nov-2023,05:47:30.09375,8.35
22-Nov-2023,05:47:16.09375,11.31
22-Nov-2023,05:47:07.09375,14.25
22-Nov-2023,05:47:00.09375,17.58
22-Nov-2023,05:46:53.03125,22.34
22-Nov-2023,05:43:28.78125,22.40
22-Nov-2023,05:43:05.78125,21.70
22-Nov-2023,05:42:56.75,20.41
22-Nov-2023,05:42:50.71875,18.37
22-Nov-2023,05:42:45.71875,15.45
22-Nov-2023,05:42:41.71875,11.86
22-Nov-2023,05:42:37.71875,6.98
22-Nov-2023,05:42:33.71875,0.73
22-Nov-2023,05:42:32.71875,0.00
22-Nov-2023,04:33:30.15625,0.10
22-Nov-2023,04:31:45.03125,1.52
22-Nov-2023,04:30:41.90625,3.29
22-Nov-2023,04:30:06.90625,5.44
22-Nov-2023,04:29:44.875,8.07
22-Nov-2023,04:29:29.78125,11.08
22-Nov-2023,04:29:19.75,14.30
22-Nov-2023,04:29:12.75,17.55
22-Nov-2023,04:29:05.75,22.45
22-Nov-2023,04:22:47.53125,22.50
22-Nov-2023,04:22:32.53125,21.64
22-Nov-2023,04:22:24.53125,20.00
22-Nov-2023,04:22:18.53125,17.35
22-Nov-2023,04:22:13.53125,13.58
22-Nov-2023,04:22:09.53125,9.14
22-Nov-2023,04:22:07.53125,6.30
22-Nov-2023,04:22:04.53125,1.16
22-Nov-2023,04:22:02.53125,0.00
22-Nov-2023,03:10:47.03125,0.05
22-Nov-2023,03:10:27.03125,0.27
22-Nov-2023,03:08:17.8125,2.20
22-Nov-2023,03:07:26.78125,4.11
22-Nov-2023,03:06:57.6875,6.38
22-Nov-2023,03:06:38.65625,9.07
22-Nov-2023,03:06:25.65625,12.05
22-Nov-2023,03:06:16.65625,15.22
22-Nov-2023,03:06:09.65625,18.91
22-Nov-2023,03:06:04.65625,22.68
22-Nov-2023,03:06:02.625,23.71
22-Nov-2023,03:06:00.625,22.75
22-Nov-2023,03:03:45.28125,22.76
22-Nov-2023,03:03:27.28125,22.23
22-Nov-2023,03:03:17.28125,21.12
22-Nov-2023,03:03:11.25,19.52
22-Nov-2023,03:03:06.25,17.11
22-Nov-2023,03:03:02.25,14.15
22-Nov-2023,03:02:59.25,11.11
22-Nov-2023,03:02:55.25,5.73
22-Nov-2023,03:02:52.25,0.25
22-Nov-2023,03:02:50.25,0.00
22-Nov-2023,03:02:11.25,0.38
22-Nov-2023,03:00:08.21875,2.23
22-Nov-2023,02:59:17.15625,4.15
22-Nov-2023,02:58:48.15625,6.46
22-Nov-2023,02:58:29.125,9.20
22-Nov-2023,02:58:16.125,12.26
22-Nov-2023,02:58:07.125,15.55
22-Nov-2023,02:58:00.0625,19.37
22-Nov-2023,02:57:55.0625,23.32
22-Nov-2023,02:57:53.0625,23.88
22-Nov-2023,02:57:51.0625,22.84
22-Nov-2023,02:55:31.84375,23.29
22-Nov-2023,02:55:18.8125,22.97
22-Nov-2023,02:55:08.8125,21.91
22-Nov-2023,02:55:02.8125,20.34
22-Nov-2023,02:54:57.8125,17.94
22-Nov-2023,02:54:54.8125,15.73
22-Nov-2023,02:54:50.8125,11.94
22-Nov-2023,02:54:46.8125,6.66
22-Nov-2023,02:54:43.8125,1.54
22-Nov-2023,02:54:41.8125,0.00
22-Nov-2023,01:33:41.59375,0.00
22-Nov-2023,01:32:47.46875,0.54
22-Nov-2023,01:30:34.28125,2.35
22-Nov-2023,01:29:35.0625,4.27
22-Nov-2023,01:29:01.8125,6.50
22-Nov-2023,01:28:40.75,9.07
22-Nov-2023,01:28:24.71875,12.34
22-Nov-2023,01:28:14.71875,15.56
22-Nov-2023,01:28:06.6875,19.35
22-Nov-2023,01:28:01.6875,22.61
22-Nov-2023,01:27:56.6875,27.05
22-Nov-2023,01:27:52.6875,31.92
22-Nov-2023,01:27:50.6875,35.00
22-Nov-2023,01:27:47.6875,40.79
22-Nov-2023,01:27:45.6875,45.61
22-Nov-2023,01:27:43.6875,51.46
22-Nov-2023,01:27:42.6875,54.93
22-Nov-2023,01:27:41.6875,58.82
22-Nov-2023,01:27:40.6875,63.35
22-Nov-2023,01:27:38.6875,76.98
22-Nov-2023,01:27:36.6875,85.98
22-Nov-2023,01:27:34.6875,86.05
22-Nov-2023,01:27:31.6875,85.26
22-Nov-2023,01:27:29.6875,85.71
22-Nov-2023,01:27:15.5625,85.73
22-Nov-2023,01:27:10.5625,86.11
22-Nov-2023,01:27:08.5625,85.17
22-Nov-2023,01:27:06.53125,85.54
22-Nov-2023,01:26:41.5,85.63
22-Nov-2023,01:26:37.5,85.92
22-Nov-2023,01:18:14.0625,85.98
22-Nov-2023,01:16:44.96875,86.20
22-Nov-2023,01:16:30.875,86.39
22-Nov-2023,00:23:29.84375,86.35
21-Nov-2023,19:23:07.59375,86.39
21-Nov-2023,18:34:48.84375,85.91
21-Nov-2023,17:14:59.9375,86.14
21-Nov-2023,09:21:43.65625,87.30
21-Nov-2023,04:10:32.5,87.38
21-Nov-2023,02:19:50.90625,86.81
21-Nov-2023,00:25:13.90625,85.82
20-Nov-2023,23:18:31.46875,85.70
20-Nov-2023,21:03:57.40625,85.57
20-Nov-2023,20:42:03.15625,85.87
20-Nov-2023,18:21:18.1875,86.04
20-Nov-2023,14:27:23.75,86.40
20-Nov-2023,09:32:42.375,87.20
20-Nov-2023,04:53:38.09375,87.16
20-Nov-2023,01:11:32.78125,86.11
19-Nov-2023,22:23:41.75,85.82
19-Nov-2023,14:26:21,86.36
19-Nov-2023,08:29:03.25,87.22
19-Nov-2023,04:10:06.8125,86.87
19-Nov-2023,00:42:08.65625,85.82
18-Nov-2023,23:19:14.65625,85.71
18-Nov-2023,15:19:15.5,86.38
18-Nov-2023,07:49:48.8125,87.55
18-Nov-2023,07:49:30.75,87.59
18-Nov-2023,07:12:56.6875,87.50
18-Nov-2023,07:12:53.65625,87.25
18-Nov-2023,07:12:46.65625,87.52
18-Nov-2023,07:10:46.4375,87.54
18-Nov-2023,07:10:41.40625,87.46
18-Nov-2023,03:50:44.78125,87.23
18-Nov-2023,00:45:30.75,86.18
17-Nov-2023,21:21:38.5,85.92
17-Nov-2023,20:14:28,86.24
17-Nov-2023,17:58:48.875,86.41
17-Nov-2023,15:00:42.0625,86.52
17-Nov-2023,10:36:34.65625,87.14
17-Nov-2023,07:26:57.6875,87.41
17-Nov-2023,04:19:35,87.29
17-Nov-2023,00:02:39.21875,86.18
16-Nov-2023,21:32:07.4375,86.09
16-Nov-2023,20:02:59.375,86.29
16-Nov-2023,16:11:35.9375,86.43
16-Nov-2023,10:45:38.09375,87.20
16-Nov-2023,06:05:16.1875,87.64
16-Nov-2023,01:45:53.09375,86.94
15-Nov-2023,23:39:12.90625,86.39
15-Nov-2023,21:03:01.4375,86.47
15-Nov-2023,17:26:54,86.57
15-Nov-2023,10:34:24.6875,87.32
15-Nov-2023,06:28:48.40625,87.51
15-Nov-2023,03:12:05.5625,87.10
15-Nov-2023,00:40:25.96875,86.36
14-Nov-2023,21:57:46.875,86.20
14-Nov-2023,14:03:08.375,86.88
14-Nov-2023,08:40:36.875,87.53
14-Nov-2023,03:54:02.3125,87.34
14-Nov-2023,00:42:29.3125,86.29
13-Nov-2023,22:54:01.5,86.24
13-Nov-2023,15:18:00.40625,86.47
13-Nov-2023,09:36:05.59375,87.32
13-Nov-2023,03:50:40.6875,87.22
12-Nov-2023,23:54:31.84375,85.75
12-Nov-2023,21:07:21.75,85.95
12-Nov-2023,18:24:12.125,86.02
12-Nov-2023,18:15:15.3125,86.34
12-Nov-2023,13:58:26.28125,86.79
12-Nov-2023,13:06:00.34375,86.94
12-Nov-2023,12:38:40.03125,86.96
12-Nov-2023,09:21:28.34375,87.68
12-Nov-2023,06:45:33.375,87.73
12-Nov-2023,05:03:42.375,87.57
12-Nov-2023,03:47:16.96875,87.42
12-Nov-2023,00:15:05.21875,85.98
11-Nov-2023,22:23:01.1875,85.90
11-Nov-2023,17:20:23.71875,86.54
11-Nov-2023,15:15:40.9375,86.80
11-Nov-2023,15:15:36.875,86.45
11-Nov-2023,15:08:56.125,86.40
11-Nov-2023,15:06:23.65625,86.39
11-Nov-2023,15:06:14.625,86.80
11-Nov-2023,15:05:37.59375,86.78
11-Nov-2023,13:13:28.40625,86.91
11-Nov-2023,12:28:04,87.02
11-Nov-2023,07:49:15.3125,87.66
11-Nov-2023,07:44:32.53125,Bad
11-Nov-2023,07:44:30.53125,87.68
11-Nov-2023,07:44:25.53125,Bad
11-Nov-2023,07:44:25.53125,87.70
11-Nov-2023,07:44:25.53125,Bad
11-Nov-2023,07:44:25.53125,87.70
11-Nov-2023,07:32:23.375,87.65
11-Nov-2023,07:28:03.40625,Bad
11-Nov-2023,07:28:03.40625,87.65
11-Nov-2023,07:28:03.40625,Bad
11-Nov-2023,07:28:03.40625,87.65
11-Nov-2023,07:27:03.28125,87.65
11-Nov-2023,07:22:38.46875,Bad
11-Nov-2023,07:22:38.46875,87.72
11-Nov-2023,06:44:03.6875,87.57
11-Nov-2023,04:52:37.59375,87.49
11-Nov-2023,03:07:37.90625,87.27
11-Nov-2023,00:06:43.25,85.93
10-Nov-2023,22:21:21.03125,85.90
10-Nov-2023,20:39:06.96875,86.11
10-Nov-2023,19:00:04.59375,86.11
10-Nov-2023,16:14:00.59375,86.47
10-Nov-2023,10:27:22.71875,87.31
10-Nov-2023,06:58:17.5,87.79
10-Nov-2023,05:15:54.90625,87.40
9-Nov-2023,23:38:41.28125,85.97
9-Nov-2023,19:46:23.1875,86.36
9-Nov-2023,18:19:28.03125,86.41
9-Nov-2023,13:39:19.34375,87.25
9-Nov-2023,12:22:38.6875,87.61
9-Nov-2023,09:59:32.84375,88.10
9-Nov-2023,09:17:44.59375,88.05
9-Nov-2023,09:16:28.53125,87.79
9-Nov-2023,05:22:13.59375,87.64
9-Nov-2023,00:58:13.28125,86.69
8-Nov-2023,21:10:53.3125,86.27
8-Nov-2023,13:19:30.25,86.98
8-Nov-2023,09:44:45.4375,87.42
8-Nov-2023,05:35:28.40625,87.44
8-Nov-2023,02:31:07.84375,86.49
7-Nov-2023,23:39:34.875,86.00
7-Nov-2023,21:42:28,86.04
7-Nov-2023,19:50:57.5,86.47
7-Nov-2023,19:39:11.0625,86.58
7-Nov-2023,18:30:52.78125,86.73
7-Nov-2023,16:08:50.25,86.87
7-Nov-2023,13:41:58.0625,87.25
7-Nov-2023,12:17:22.6875,87.41
7-Nov-2023,09:51:45.40625,87.88
7-Nov-2023,06:17:36.03125,88.23
7-Nov-2023,03:22:34.8125,87.65
7-Nov-2023,00:23:52.65625,86.29
6-Nov-2023,23:02:25.5625,86.10
6-Nov-2023,19:30:49.4375,86.69
6-Nov-2023,17:41:17.15625,86.68
6-Nov-2023,16:33:52.03125,86.39
6-Nov-2023,16:26:51.4375,86.50
6-Nov-2023,16:04:48.75,86.61
6-Nov-2023,15:27:32.0625,86.67
6-Nov-2023,12:06:15.78125,87.42
6-Nov-2023,11:06:05.28125,87.55
6-Nov-2023,09:41:52.1875,87.86
6-Nov-2023,05:54:34.4375,88.08
6-Nov-2023,03:12:32.21875,87.48
6-Nov-2023,00:27:27.0625,86.07
5-Nov-2023,21:11:17.0625,85.99
5-Nov-2023,21:10:49.9375,85.23
5-Nov-2023,21:02:08.125,85.12
5-Nov-2023,20:47:30.90625,84.88
5-Nov-2023,20:46:42.875,84.59
5-Nov-2023,20:41:18.28125,84.11
5-Nov-2023,20:39:34.21875,85.04
5-Nov-2023,20:36:40.96875,85.29
5-Nov-2023,20:32:39.4375,85.66
5-Nov-2023,18:05:14.625,86.05
5-Nov-2023,16:41:09.09375,86.46
5-Nov-2023,16:00:06.59375,86.47
5-Nov-2023,13:32:16.03125,86.62
5-Nov-2023,12:41:19.125,86.88
5-Nov-2023,11:03:46.9375,87.11
5-Nov-2023,09:05:11.8125,88.04
5-Nov-2023,05:17:26.1875,88.07
5-Nov-2023,02:38:19.9375,87.07
5-Nov-2023,00:40:54.375,85.49
4-Nov-2023,23:08:27.40625,85.64
4-Nov-2023,18:33:53.90625,85.74
4-Nov-2023,11:08:26.59375,86.73
4-Nov-2023,06:57:32.71875,86.71
4-Nov-2023,04:43:31.4375,86.22
4-Nov-2023,01:50:02.40625,85.96
3-Nov-2023,21:55:41.5625,85.78
3-Nov-2023,21:04:04.4375,85.68
3-Nov-2023,20:59:00.9375,86.00
3-Nov-2023,18:18:31.59375,86.19
3-Nov-2023,17:52:10.25,86.10
3-Nov-2023,16:41:06.9375,86.46
3-Nov-2023,15:51:03.21875,86.60
3-Nov-2023,15:15:28.78125,86.37
3-Nov-2023,14:10:02.59375,86.94
3-Nov-2023,13:17:37.75,87.01
3-Nov-2023,10:09:48.375,87.88
3-Nov-2023,06:52:01.28125,87.88
3-Nov-2023,05:43:47.25,88.02
3-Nov-2023,04:08:35.65625,87.65
3-Nov-2023,01:08:32.71875,85.77
2-Nov-2023,23:03:22.78125,85.62
2-Nov-2023,23:02:58.71875,85.89
2-Nov-2023,23:02:07.6875,86.20
2-Nov-2023,21:22:41.375,86.46
2-Nov-2023,19:34:24.75,86.82
2-Nov-2023,19:25:37.03125,86.73
2-Nov-2023,16:25:11.28125,86.95
2-Nov-2023,15:44:23.1875,87.20
2-Nov-2023,11:25:35.34375,87.88
2-Nov-2023,08:35:50.21875,88.49
2-Nov-2023,08:35:36.93401,Intf,Shut
2-Nov-2023,08:34:43.15625,88.49
2-Nov-2023,08:34:30.80101,85.93
