Date,Time,T1_BBH1
24-Apr-2023,01:47:30.71875,0.0
24-Apr-2023,09:37:54.90625,0.0
24-Apr-2023,17:28:21.9375,0.0
25-Apr-2023,01:18:45.0625,0.0
25-Apr-2023,09:09:11.21875,0.0
25-Apr-2023,16:59:38.90625,0.0
26-Apr-2023,00:50:03.78125,0.0
26-Apr-2023,08:40:30.15625,0.0
26-Apr-2023,16:30:51.6875,0.0
27-Apr-2023,00:21:17.0625,0.0
27-Apr-2023,08:11:37.90625,0.0
27-Apr-2023,16:02:05.0625,0.0
27-Apr-2023,23:52:26.03125,0.0
28-Apr-2023,07:42:48.625,0.0
28-Apr-2023,15:33:23.59375,0.0
28-Apr-2023,23:23:53.84375,0.0
29-Apr-2023,07:14:19.84375,0.0
29-Apr-2023,15:04:45.75,0.0
29-Apr-2023,22:55:09.375,0.0
30-Apr-2023,06:45:32.6875,0.0
30-Apr-2023,14:35:57.15625,0.0
30-Apr-2023,22:26:24.3125,0.0
1-May-2023,06:16:51.4375,0.0
1-May-2023,14:07:18.40625,0.0
1-May-2023,21:57:40.0625,0.0
2-May-2023,05:48:01.03125,0.0
2-May-2023,13:38:22.0625,0.0
2-May-2023,21:28:50.71875,0.0
3-May-2023,05:19:25.03125,0.0
3-May-2023,13:09:58.875,0.0
3-May-2023,21:00:32.59375,0.0
4-May-2023,04:51:06.59375,0.0
4-May-2023,12:41:37.59375,0.0
4-May-2023,20:32:09.4375,0.0
5-May-2023,04:22:42.25,0.0
5-May-2023,12:13:16.75,0.0
5-May-2023,20:03:48.4375,0.0
6-May-2023,03:54:24.21875,0.0
6-May-2023,11:45:01.25,0.0
6-May-2023,19:35:31.65625,0.0
7-May-2023,03:26:01.03125,0.0
7-May-2023,11:16:30.375,0.0
7-May-2023,19:07:10.3125,0.0
8-May-2023,02:57:45.1875,0.0
8-May-2023,10:48:19.6875,0.0
8-May-2023,18:38:54.375,0.0
9-May-2023,02:29:30.875,0.0
9-May-2023,10:20:06.125,0.0
9-May-2023,18:10:45.03125,0.0
10-May-2023,02:01:16.59375,0.0
10-May-2023,09:51:51.8125,0.0
10-May-2023,17:42:26.4375,0.0
11-May-2023,01:33:00.5625,0.0
11-May-2023,09:23:32.34375,0.0
11-May-2023,17:14:06.84375,0.0
12-May-2023,01:04:42.375,0.0
12-May-2023,08:55:17.9375,0.0
12-May-2023,16:45:51.71875,0.0
13-May-2023,00:36:27.0625,0.0
13-May-2023,07:06:58.09375,0.0
16-May-2023,03:46:13.34375,0.0
16-May-2023,03:47:18.4375,0.0
16-May-2023,11:37:47.96875,0.0
16-May-2023,19:28:15.5625,0.0
17-May-2023,03:18:35.78125,0.0
17-May-2023,11:08:58.21875,0.0
17-May-2023,18:59:25.25,0.0
18-May-2023,02:49:47.21875,0.0
18-May-2023,10:40:12.71875,0.0
18-May-2023,18:30:33.15625,0.0
19-May-2023,02:21:00,0.0
19-May-2023,10:11:23.375,0.0
19-May-2023,18:01:48.875,0.0
20-May-2023,01:52:10,0.0
20-May-2023,09:42:33.0625,0.0
20-May-2023,17:32:57.03125,0.0
21-May-2023,01:23:18.625,0.0
21-May-2023,09:13:43.21875,0.0
21-May-2023,17:04:04.28125,0.0
22-May-2023,00:54:20.21875,0.0
22-May-2023,08:44:46.40625,0.0
22-May-2023,16:35:10.28125,0.0
23-May-2023,00:25:32.84375,0.0
23-May-2023,08:16:01.40625,0.0
23-May-2023,16:06:25.65625,0.0
23-May-2023,23:56:53.21875,0.0
24-May-2023,07:47:23.4375,0.0
24-May-2023,15:37:50.75,0.0
24-May-2023,23:28:16.59375,0.0
25-May-2023,07:18:40.15625,0.0
25-May-2023,15:09:06.8125,0.0
25-May-2023,22:59:32.625,0.0
26-May-2023,06:49:56.65625,0.0
26-May-2023,14:40:20.46875,0.0
26-May-2023,22:30:46.90625,0.0
27-May-2023,06:21:15.8125,0.0
27-May-2023,14:11:48.6875,0.0
27-May-2023,22:02:16.71875,0.0
28-May-2023,05:52:47.03125,0.0
28-May-2023,09:43:47.0625,0.1
28-May-2023,09:43:49.0625,0.8
28-May-2023,09:47:25.3125,0.6
28-May-2023,09:47:30.3125,0.0
28-May-2023,09:47:44.34375,0.1
28-May-2023,09:47:46.34375,0.4
28-May-2023,09:48:40.34375,0.4
28-May-2023,09:49:06.34375,0.3
28-May-2023,09:49:11.40625,0.4
28-May-2023,09:49:38.40625,0.8
28-May-2023,09:55:51.65625,0.7
28-May-2023,10:02:59.8125,0.6
28-May-2023,10:03:34.8125,0.2
28-May-2023,10:04:07.875,0.1
28-May-2023,10:04:13.875,0.5
28-May-2023,10:04:41.90625,0.2
28-May-2023,10:04:42.90625,0.0
28-May-2023,10:06:07.96875,0.7
28-May-2023,10:07:16.03125,0.4
28-May-2023,10:07:19.03125,0.1
28-May-2023,10:07:31.0625,0.2
28-May-2023,10:08:01.0625,0.0
28-May-2023,10:08:06.0625,0.7
28-May-2023,10:08:52.15625,0.5
28-May-2023,10:08:55.15625,0.0
28-May-2023,10:09:14.15625,0.0
28-May-2023,10:09:19.15625,0.7
28-May-2023,10:10:31.21875,0.4
28-May-2023,10:10:33.21875,0.0
28-May-2023,10:10:45.21875,0.1
28-May-2023,10:11:00.21875,0.8
28-May-2023,10:11:56.28125,0.5
28-May-2023,10:12:15.28125,0.5
28-May-2023,10:12:18.28125,0.8
28-May-2023,10:12:58.3125,0.5
28-May-2023,10:13:01.3125,0.1
28-May-2023,10:13:06.3125,0.5
28-May-2023,10:20:30.84375,0.8
28-May-2023,10:23:09.09375,0.6
28-May-2023,10:24:13.21875,0.6
28-May-2023,10:25:23.3125,0.5
28-May-2023,10:26:48.40625,0.6
28-May-2023,10:29:26.5,0.4
28-May-2023,10:29:28.5,0.0
28-May-2023,10:29:38.53125,0.3
28-May-2023,10:29:43.53125,0.7
28-May-2023,10:30:34.59375,0.6
28-May-2023,10:30:36.59375,0.1
28-May-2023,10:31:09.625,0.1
28-May-2023,10:31:33.625,0.2
28-May-2023,10:31:51.625,0.5
28-May-2023,10:32:53.65625,0.5
28-May-2023,10:39:42.03125,0.7
28-May-2023,10:43:52.28125,0.6
28-May-2023,10:43:57.28125,0.0
28-May-2023,10:44:08.3125,0.0
28-May-2023,10:44:11.3125,0.5
28-May-2023,10:44:21.3125,0.0
28-May-2023,10:44:31.34375,0.0
28-May-2023,10:44:33.34375,0.5
28-May-2023,10:44:46.34375,0.4
28-May-2023,10:46:08.4375,0.8
28-May-2023,10:47:51.5,0.6
28-May-2023,11:03:41.46875,0.6
28-May-2023,11:03:49.46875,0.3
28-May-2023,11:04:14.46875,0.8
28-May-2023,11:05:49.59375,0.6
28-May-2023,11:05:53.59375,0.0
28-May-2023,11:07:22.71875,0.6
28-May-2023,11:08:00.75,0.4
28-May-2023,11:08:03.75,0.0
28-May-2023,11:08:14.75,0.5
28-May-2023,11:10:16.78125,0.5
28-May-2023,11:11:47.8125,0.3
28-May-2023,11:11:53.8125,0.5
28-May-2023,11:13:26.875,0.6
28-May-2023,11:15:52.96875,0.4
28-May-2023,11:17:11.0625,0.4
28-May-2023,11:19:22.125,0.2
28-May-2023,11:19:41.125,0.3
28-May-2023,11:20:46.125,0.5
28-May-2023,11:21:23.125,0.6
28-May-2023,11:22:01.125,0.4
28-May-2023,11:22:03.125,0.0
28-May-2023,11:22:54.1875,0.2
28-May-2023,11:23:06.1875,0.2
28-May-2023,11:23:23.1875,0.0
28-May-2023,11:23:26.21875,0.6
28-May-2023,11:23:40.21875,0.2
28-May-2023,11:24:08.21875,0.4
28-May-2023,11:24:27.21875,0.0
28-May-2023,11:25:32.3125,0.2
28-May-2023,11:25:38.3125,0.7
28-May-2023,11:26:11.3125,0.3
28-May-2023,11:26:13.3125,0.0
28-May-2023,11:27:03.4375,0.1
28-May-2023,11:27:07.4375,0.7
28-May-2023,11:28:23.53125,0.3
28-May-2023,11:28:24.53125,0.1
28-May-2023,11:38:01.09375,0.3
28-May-2023,11:38:24.125,0.1
28-May-2023,11:38:30.125,0.2
28-May-2023,11:38:52.1875,0.4
28-May-2023,11:38:54.1875,0.0
28-May-2023,11:41:17.34375,0.2
28-May-2023,11:42:07.40625,0.1
28-May-2023,11:42:41.40625,0.2
28-May-2023,11:42:53.40625,0.2
28-May-2023,11:46:08.59375,0.0
28-May-2023,11:46:12.59375,0.5
28-May-2023,11:46:52.625,0.2
28-May-2023,11:46:57.625,0.2
28-May-2023,12:00:31.28125,0.1
28-May-2023,12:00:40.28125,0.4
28-May-2023,12:00:47.28125,0.0
28-May-2023,12:00:49.28125,0.3
28-May-2023,12:01:04.28125,0.0
28-May-2023,12:36:58.15625,0.2
28-May-2023,15:47:28.875,0.0
28-May-2023,23:37:58.21875,0.0
29-May-2023,07:28:34.6875,0.0
29-May-2023,15:19:06.40625,0.0
29-May-2023,23:09:38.875,0.0
30-May-2023,07:00:08.28125,0.0
30-May-2023,14:50:41.625,0.0
30-May-2023,22:41:10.875,0.0
31-May-2023,06:31:44.4375,0.0
31-May-2023,14:22:09.59375,0.0
31-May-2023,22:12:41.75,0.0
1-Jun-2023,06:03:11.96875,0.0
1-Jun-2023,13:53:37.4375,0.0
1-Jun-2023,21:44:02.84375,0.0
2-Jun-2023,05:34:25.28125,0.0
2-Jun-2023,13:24:54.875,0.0
2-Jun-2023,21:15:27.0625,0.0
3-Jun-2023,03:37:58.0625,0.0
3-Jun-2023,03:37:59.0625,0.3
3-Jun-2023,03:38:00.0625,0.1
3-Jun-2023,11:28:35.0625,0.0
3-Jun-2023,19:19:00.0625,0.0
4-Jun-2023,03:09:36.125,0.0
4-Jun-2023,11:00:06.71875,0.0
4-Jun-2023,18:50:32.3125,0.0
5-Jun-2023,02:41:00.09375,0.0
5-Jun-2023,10:31:27.71875,0.0
5-Jun-2023,18:21:55.8125,0.0
6-Jun-2023,02:12:21.8125,0.0
6-Jun-2023,04:12:10.96875,Bad
6-Jun-2023,04:12:46.0625,0.0
6-Jun-2023,12:03:12.625,0.0
6-Jun-2023,19:53:44.8125,0.0
7-Jun-2023,03:44:12.9375,0.0
7-Jun-2023,11:34:38.40625,0.0
7-Jun-2023,19:25:07.84375,0.0
8-Jun-2023,03:15:36.03125,0.0
8-Jun-2023,11:06:05.53125,0.0
8-Jun-2023,18:40:08.3125,0.0
8-Jun-2023,18:41:00.15625,Bad
8-Jun-2023,18:50:07.90625,0.0
9-Jun-2023,02:40:38.8125,0.0
9-Jun-2023,10:31:08.375,0.0
9-Jun-2023,18:21:35.125,0.0
10-Jun-2023,02:12:03.15625,0.0
10-Jun-2023,10:02:34.375,0.0
10-Jun-2023,17:53:02,0.0
11-Jun-2023,01:43:30.90625,0.0
11-Jun-2023,09:34:02,0.0
11-Jun-2023,17:24:34.125,0.0
12-Jun-2023,01:15:04.6875,0.0
12-Jun-2023,09:05:35.8125,0.0
12-Jun-2023,16:56:01.96875,0.0
13-Jun-2023,00:46:33.125,0.0
13-Jun-2023,08:36:59.59375,0.0
13-Jun-2023,16:27:29,0.0
14-Jun-2023,00:17:57.96875,0.0
14-Jun-2023,08:08:27.46875,0.0
14-Jun-2023,15:58:52.875,0.0
14-Jun-2023,23:49:20.21875,0.0
15-Jun-2023,07:39:51.59375,0.0
15-Jun-2023,15:30:19.875,0.0
15-Jun-2023,23:20:51.0625,0.0
16-Jun-2023,07:11:19.375,0.0
16-Jun-2023,15:01:50.90625,0.0
16-Jun-2023,22:52:20.21875,0.0
17-Jun-2023,06:42:49.78125,0.0
17-Jun-2023,14:33:27.6875,0.0
17-Jun-2023,22:23:56.84375,0.0
18-Jun-2023,06:14:26.96875,0.0
18-Jun-2023,14:04:57.03125,0.0
18-Jun-2023,21:55:25.5,0.0
19-Jun-2023,05:45:51.6875,0.0
19-Jun-2023,13:36:23.65625,0.0
19-Jun-2023,21:26:56.46875,0.0
20-Jun-2023,05:17:27.71875,0.0
20-Jun-2023,13:07:56.5625,0.0
20-Jun-2023,20:58:30.625,0.0
21-Jun-2023,04:49:02.96875,0.0
21-Jun-2023,12:39:35.84375,0.0
21-Jun-2023,20:30:07.65625,0.0
22-Jun-2023,04:20:42.75,0.0
22-Jun-2023,05:01:05.03125,0.0
22-Jun-2023,05:01:08.03125,0.1
22-Jun-2023,12:51:33.5625,0.0
22-Jun-2023,20:42:02.90625,0.0
23-Jun-2023,04:32:31,0.0
23-Jun-2023,12:23:02.0625,0.0
23-Jun-2023,20:13:34.53125,0.0
24-Jun-2023,04:04:01.65625,0.0
24-Jun-2023,11:54:35.5625,0.0
24-Jun-2023,19:45:06.53125,0.0
25-Jun-2023,03:35:35.46875,0.0
25-Jun-2023,11:26:05.71875,0.0
25-Jun-2023,19:16:36.375,0.0
26-Jun-2023,03:07:04.03125,0.0
26-Jun-2023,10:57:31.96875,0.0
26-Jun-2023,18:47:57.09375,0.0
27-Jun-2023,02:38:23.34375,0.0
27-Jun-2023,10:28:51.125,0.0
27-Jun-2023,18:19:18.5625,0.0
28-Jun-2023,02:09:55.34375,0.0
28-Jun-2023,10:00:27.0625,0.0
28-Jun-2023,17:51:04.84375,0.0
29-Jun-2023,01:41:35.84375,0.0
29-Jun-2023,09:32:11.96875,0.0
29-Jun-2023,17:22:45.15625,0.0
30-Jun-2023,01:13:18.78125,0.0
30-Jun-2023,09:03:50.625,0.0
30-Jun-2023,16:54:20.3125,0.0
1-Jul-2023,00:44:48.53125,0.0
1-Jul-2023,08:35:21.0625,0.0
1-Jul-2023,16:25:52.5625,0.0
2-Jul-2023,00:16:25.6875,0.0
2-Jul-2023,08:06:52.6875,0.0
2-Jul-2023,15:57:23.78125,0.0
2-Jul-2023,23:47:57.5,0.0
3-Jul-2023,07:38:27,0.0
3-Jul-2023,15:28:55.625,0.0
3-Jul-2023,23:19:29.90625,0.0
4-Jul-2023,00:54:59.90625,0.1
4-Jul-2023,00:55:01.90625,0.8
4-Jul-2023,03:02:32.71875,0.7
4-Jul-2023,03:02:37.75,0.0
4-Jul-2023,03:17:12.875,0.2
4-Jul-2023,03:17:14.875,0.5
4-Jul-2023,03:19:34.0625,0.7
4-Jul-2023,11:07:08.8125,0.7
4-Jul-2023,11:07:12.84375,0.0
4-Jul-2023,14:45:45.375,0.0
4-Jul-2023,14:45:48.375,0.8
4-Jul-2023,15:59:14.34375,0.6
4-Jul-2023,16:20:47,0.5
4-Jul-2023,16:23:43.125,0.6
4-Jul-2023,16:24:52.15625,0.2
4-Jul-2023,16:25:29.21875,0.4
4-Jul-2023,16:27:07.25,0.6
4-Jul-2023,16:27:35.34375,0.4
4-Jul-2023,16:30:07.5,0.5
4-Jul-2023,16:47:07.53125,0.5
4-Jul-2023,16:50:06.84375,0.6
4-Jul-2023,16:52:11.0625,0.2
4-Jul-2023,16:56:45.40625,0.0
4-Jul-2023,16:56:57.40625,0.2
4-Jul-2023,16:57:52.4375,0.6
4-Jul-2023,16:59:14.65625,0.3
4-Jul-2023,16:59:18.65625,0.6
4-Jul-2023,17:01:33.78125,0.2
4-Jul-2023,17:01:54.78125,0.0
4-Jul-2023,17:02:03.78125,0.1
4-Jul-2023,17:02:39.90625,0.0
4-Jul-2023,17:02:41.90625,0.3
4-Jul-2023,17:04:10.96875,0.0
4-Jul-2023,17:05:17.125,0.2
4-Jul-2023,17:05:22.15625,0.1
4-Jul-2023,17:05:33.15625,0.4
4-Jul-2023,17:05:44.21875,0.0
4-Jul-2023,17:06:51.28125,0.2
4-Jul-2023,17:07:11.28125,0.2
4-Jul-2023,17:08:16.28125,0.1
4-Jul-2023,17:09:51.46875,0.0
4-Jul-2023,17:09:52.46875,0.2
4-Jul-2023,17:09:54.5,0.0
4-Jul-2023,17:09:56.5,0.4
4-Jul-2023,17:09:58.5,0.0
5-Jul-2023,01:00:32.875,0.0
5-Jul-2023,08:51:11.375,0.0
5-Jul-2023,13:55:41.1875,0.2
5-Jul-2023,13:55:44.1875,0.9
5-Jul-2023,17:00:29.21875,0.7
5-Jul-2023,17:04:55.4375,0.4
5-Jul-2023,17:06:36.5625,0.4
5-Jul-2023,17:10:06.875,0.9
5-Jul-2023,17:42:49.5,0.7
5-Jul-2023,18:10:53.53125,0.6
5-Jul-2023,18:15:30.8125,0.8
5-Jul-2023,18:29:15.625,0.5
5-Jul-2023,18:30:09.65625,0.4
5-Jul-2023,18:38:36.1875,0.5
5-Jul-2023,18:41:13.5,0.2
5-Jul-2023,18:41:40.5,0.0
5-Jul-2023,18:43:47.6875,0.1
5-Jul-2023,18:44:30.78125,0.6
5-Jul-2023,18:45:13.8125,0.3
5-Jul-2023,18:45:15.8125,0.0
5-Jul-2023,18:49:58.28125,0.8
5-Jul-2023,18:53:32.6875,0.5
5-Jul-2023,18:54:03.6875,0.6
5-Jul-2023,18:55:27.8125,0.5
5-Jul-2023,18:55:30.8125,0.0
5-Jul-2023,18:57:02.9375,0.4
5-Jul-2023,18:57:30.9375,0.7
5-Jul-2023,19:05:22.46875,0.6
5-Jul-2023,19:08:07.53125,0.6
5-Jul-2023,19:08:12.53125,0.3
5-Jul-2023,19:10:04.625,0.8
5-Jul-2023,19:12:40.8125,0.5
5-Jul-2023,19:27:21.65625,0.5
5-Jul-2023,19:29:52.03125,0.5
5-Jul-2023,19:30:08.125,0.5
5-Jul-2023,19:31:19.25,0.7
5-Jul-2023,19:31:37.25,0.2
5-Jul-2023,19:33:17.25,0.6
5-Jul-2023,19:34:55.34375,0.4
5-Jul-2023,19:35:01.34375,0.3
5-Jul-2023,19:37:20.4375,0.5
5-Jul-2023,19:37:22.4375,0.1
5-Jul-2023,19:39:12.53125,0.2
5-Jul-2023,19:39:21.53125,0.5
5-Jul-2023,19:41:43.6875,0.4
5-Jul-2023,19:42:55.71875,0.2
5-Jul-2023,19:43:24.71875,0.2
5-Jul-2023,19:43:40.71875,0.3
5-Jul-2023,19:43:43.71875,0.6
5-Jul-2023,19:44:44.84375,0.3
5-Jul-2023,19:45:10.875,0.0
5-Jul-2023,20:00:13.15625,0.1
5-Jul-2023,20:32:42.84375,0.0
5-Jul-2023,20:32:49.84375,0.4
5-Jul-2023,20:32:56.84375,0.0
5-Jul-2023,20:35:58.0625,0.2
5-Jul-2023,20:45:21.96875,0.1
5-Jul-2023,20:55:32.625,0.0
5-Jul-2023,20:55:41.625,0.4
5-Jul-2023,20:56:38.6875,0.1
5-Jul-2023,20:56:57.6875,0.1
5-Jul-2023,20:59:10.84375,0.2
5-Jul-2023,20:59:33.90625,0.5
5-Jul-2023,21:00:03.90625,0.3
5-Jul-2023,21:00:12.9375,0.0
5-Jul-2023,21:00:21.9375,0.3
5-Jul-2023,21:00:28.9375,0.1
5-Jul-2023,21:07:14.34375,0.1
6-Jul-2023,00:58:56.9375,0.2
6-Jul-2023,00:58:59.9375,0.5
6-Jul-2023,01:00:43.96875,0.3
6-Jul-2023,01:00:45.96875,0.0
6-Jul-2023,01:01:10,0.1
6-Jul-2023,01:04:49.09375,0.4
6-Jul-2023,01:05:53.1875,0.7
6-Jul-2023,01:22:57.3125,0.4
6-Jul-2023,01:23:53.3125,0.1
6-Jul-2023,01:24:03.3125,0.3
6-Jul-2023,01:29:43.5625,0.6
6-Jul-2023,01:33:05.90625,0.5
6-Jul-2023,01:39:10.1875,0.3
6-Jul-2023,01:39:25.1875,0.3
6-Jul-2023,01:40:11.21875,0.8
6-Jul-2023,01:44:23.4375,0.3
6-Jul-2023,01:44:48.46875,0.0
6-Jul-2023,01:44:59.46875,0.4
6-Jul-2023,01:45:15.46875,0.5
6-Jul-2023,01:45:33.46875,0.2
6-Jul-2023,01:46:00.53125,0.3
6-Jul-2023,01:46:13.53125,0.2
6-Jul-2023,01:46:14.53125,0.0
6-Jul-2023,01:54:50.78125,0.2
6-Jul-2023,01:54:53.78125,0.5
6-Jul-2023,01:57:40.9375,0.7
6-Jul-2023,04:38:26.5625,0.7
6-Jul-2023,04:38:30.5625,0.0
6-Jul-2023,04:43:03.09375,0.2
6-Jul-2023,04:43:51.09375,0.3
6-Jul-2023,04:46:15.15625,0.3
6-Jul-2023,04:47:50.1875,0.5
6-Jul-2023,04:48:06.1875,0.0
6-Jul-2023,04:48:57.21875,0.2
6-Jul-2023,04:49:06.25,0.5
6-Jul-2023,04:49:49.28125,0.1
6-Jul-2023,04:49:51.28125,0.4
6-Jul-2023,04:50:24.3125,0.3
6-Jul-2023,04:50:28.3125,0.6
6-Jul-2023,04:54:15.71875,0.4
6-Jul-2023,04:54:23.78125,0.0
6-Jul-2023,04:54:58.78125,0.2
6-Jul-2023,04:55:34.8125,0.7
6-Jul-2023,04:57:10.84375,0.2
6-Jul-2023,04:57:15.84375,0.0
6-Jul-2023,04:57:19.84375,0.3
6-Jul-2023,04:58:21.875,0.3
6-Jul-2023,04:58:52.96875,0.0
6-Jul-2023,04:59:06.96875,0.4
6-Jul-2023,04:59:46,0.1
6-Jul-2023,04:59:53,0.1
6-Jul-2023,04:59:55,0.4
6-Jul-2023,05:00:18.03125,0.1
6-Jul-2023,05:02:31.0625,0.3
6-Jul-2023,05:02:40.0625,0.0
6-Jul-2023,05:03:03.125,0.4
6-Jul-2023,05:05:06.28125,0.3
6-Jul-2023,05:05:19.34375,0.0
6-Jul-2023,05:06:03.4375,0.3
6-Jul-2023,05:06:56.5625,0.2
6-Jul-2023,05:06:58.5625,0.0
6-Jul-2023,05:07:37.6875,0.2
6-Jul-2023,05:07:39.6875,0.4
6-Jul-2023,05:08:29.75,0.3
6-Jul-2023,05:08:31.75,0.0
6-Jul-2023,05:09:08.8125,0.2
6-Jul-2023,05:09:24.84375,0.5
6-Jul-2023,05:10:31.90625,0.3
6-Jul-2023,05:10:35.90625,0.0
6-Jul-2023,05:11:13.96875,0.3
6-Jul-2023,05:12:17.96875,0.3
6-Jul-2023,05:12:19.96875,0.0
6-Jul-2023,05:13:16.96875,0.2
6-Jul-2023,05:14:56.0625,0.2
6-Jul-2023,05:20:25.46875,0.4
6-Jul-2023,05:21:27.5,0.1
6-Jul-2023,05:22:17.5,0.2
6-Jul-2023,05:22:32.5,0.6
6-Jul-2023,05:26:33.71875,0.5
6-Jul-2023,05:26:55.75,0.2
6-Jul-2023,05:27:05.75,0.6
6-Jul-2023,05:27:50.78125,0.5
6-Jul-2023,05:31:02.9375,0.6
6-Jul-2023,05:32:25.96875,0.4
6-Jul-2023,05:32:47,0.0
6-Jul-2023,05:34:24.09375,0.1
6-Jul-2023,05:34:42.15625,0.2
6-Jul-2023,05:35:09.1875,0.7
6-Jul-2023,05:37:03.25,0.4
6-Jul-2023,05:37:08.25,0.0
6-Jul-2023,05:38:03.34375,0.1
6-Jul-2023,05:39:05.375,0.5
6-Jul-2023,05:51:11.21875,0.6
6-Jul-2023,05:51:32.28125,0.0
6-Jul-2023,05:52:41.375,0.0
6-Jul-2023,05:53:06.40625,0.5
6-Jul-2023,06:03:59,0.6
6-Jul-2023,10:06:30.0625,0.7
6-Jul-2023,11:07:06.90625,0.7
6-Jul-2023,11:07:10.90625,0.0
6-Jul-2023,14:08:39.84375,0.0
6-Jul-2023,14:08:41.84375,0.8
6-Jul-2023,19:55:33.4375,0.8
6-Jul-2023,20:01:05.5,0.7
6-Jul-2023,20:03:23.5,0.6
6-Jul-2023,20:07:11.71875,0.7
6-Jul-2023,20:19:53.96875,0.7
6-Jul-2023,20:24:15.03125,0.6
6-Jul-2023,20:24:44.09375,0.5
6-Jul-2023,20:28:44.15625,0.8
6-Jul-2023,20:31:31.28125,0.4
6-Jul-2023,20:31:34.28125,0.1
6-Jul-2023,20:31:50.3125,0.2
6-Jul-2023,20:31:57.3125,0.3
6-Jul-2023,20:32:06.34375,0.0
6-Jul-2023,20:32:10.375,0.4
6-Jul-2023,20:32:28.375,0.2
6-Jul-2023,20:32:40.375,0.1
6-Jul-2023,20:32:49.375,0.4
6-Jul-2023,20:33:09.40625,0.1
6-Jul-2023,20:33:39.4375,0.2
6-Jul-2023,20:34:00.4375,0.6
6-Jul-2023,20:41:09.65625,0.5
6-Jul-2023,20:41:30.6875,0.5
6-Jul-2023,20:45:12.78125,0.5
6-Jul-2023,20:53:14.125,0.6
6-Jul-2023,20:53:21.15625,0.0
6-Jul-2023,20:54:09.21875,0.3
6-Jul-2023,20:54:32.21875,0.3
6-Jul-2023,20:54:34.21875,0.0
6-Jul-2023,20:55:09.21875,0.0
6-Jul-2023,20:55:13.21875,0.4
6-Jul-2023,20:56:01.28125,0.5
6-Jul-2023,20:56:05.28125,0.0
6-Jul-2023,20:56:22.28125,0.1
6-Jul-2023,20:58:50.34375,0.1
6-Jul-2023,20:59:06.34375,0.2
6-Jul-2023,21:04:47.5625,0.2
6-Jul-2023,21:04:53.5625,0.7
6-Jul-2023,21:12:09.90625,0.4
6-Jul-2023,21:12:14.90625,0.0
6-Jul-2023,21:13:22.90625,0.1
6-Jul-2023,21:13:54.9375,0.4
6-Jul-2023,21:14:01.9375,0.0
6-Jul-2023,21:14:06.9375,0.4
6-Jul-2023,21:15:05.96875,0.1
6-Jul-2023,21:16:08.0625,0.3
6-Jul-2023,21:16:13.09375,0.0
6-Jul-2023,21:17:57.21875,0.2
6-Jul-2023,21:18:07.21875,0.5
6-Jul-2023,21:20:51.34375,0.2
6-Jul-2023,21:20:53.34375,0.0
6-Jul-2023,21:23:11.34375,0.2
6-Jul-2023,21:23:43.375,0.5
6-Jul-2023,21:26:14.5,0.5
6-Jul-2023,21:31:06.625,0.3
6-Jul-2023,21:31:08.625,0.0
6-Jul-2023,21:32:51.71875,0.3
6-Jul-2023,21:32:58.71875,0.6
6-Jul-2023,21:35:08.75,0.3
6-Jul-2023,21:36:01.8125,0.1
6-Jul-2023,21:37:21.875,0.3
6-Jul-2023,21:37:56.9375,0.3
6-Jul-2023,21:39:52.03125,0.2
6-Jul-2023,21:41:23.125,0.0
6-Jul-2023,21:41:28.125,0.5
6-Jul-2023,21:42:27.1875,0.4
6-Jul-2023,21:42:32.1875,0.1
6-Jul-2023,21:43:34.21875,0.3
6-Jul-2023,21:43:36.21875,0.0
6-Jul-2023,21:44:10.25,0.5
6-Jul-2023,21:48:03.4375,0.4
6-Jul-2023,21:49:41.5625,0.2
6-Jul-2023,21:50:02.59375,0.0
6-Jul-2023,21:50:18.59375,0.3
6-Jul-2023,21:50:20.59375,0.0
6-Jul-2023,21:56:42.71875,0.2
6-Jul-2023,21:56:54.71875,0.1
6-Jul-2023,21:56:56.71875,0.4
6-Jul-2023,21:58:20.71875,0.5
6-Jul-2023,21:59:20.8125,0.4
6-Jul-2023,21:59:49.8125,0.0
6-Jul-2023,22:25:35.59375,0.0
6-Jul-2023,22:25:37.59375,0.2
6-Jul-2023,22:25:55.59375,0.0
6-Jul-2023,22:25:59.59375,0.4
6-Jul-2023,22:27:13.59375,0.1
6-Jul-2023,22:29:50.8125,0.3
6-Jul-2023,22:30:25.8125,0.2
6-Jul-2023,22:35:51.03125,0.0
6-Jul-2023,22:35:52.03125,0.2
6-Jul-2023,23:34:05.375,0.0
7-Jul-2023,00:03:19.34375,0.2
7-Jul-2023,00:19:33.25,0.1
7-Jul-2023,00:19:44.25,0.4
7-Jul-2023,00:20:17.28125,0.2
7-Jul-2023,00:25:39.53125,0.3
7-Jul-2023,00:27:57.625,0.2
7-Jul-2023,00:28:13.625,0.5
7-Jul-2023,00:30:02.71875,0.5
7-Jul-2023,00:32:02.875,0.3
7-Jul-2023,00:32:03.875,0.0
7-Jul-2023,00:36:45.9375,0.2
7-Jul-2023,00:36:56.9375,0.0
7-Jul-2023,00:38:58.09375,0.2
7-Jul-2023,00:39:49.15625,0.3
7-Jul-2023,00:39:57.15625,0.1
7-Jul-2023,00:40:12.15625,0.6
7-Jul-2023,00:42:17.25,0.5
7-Jul-2023,00:44:01.34375,0.3
7-Jul-2023,00:44:08.34375,0.3
7-Jul-2023,00:46:16.34375,0.6
7-Jul-2023,00:49:49.53125,0.6
7-Jul-2023,00:51:39.65625,0.7
7-Jul-2023,00:57:20.90625,0.5
7-Jul-2023,00:58:29.03125,0.8
7-Jul-2023,01:08:55.21875,0.6
7-Jul-2023,01:09:49.21875,0.8
7-Jul-2023,01:27:00.84375,0.7
7-Jul-2023,01:28:07.9375,0.4
7-Jul-2023,01:28:10.9375,0.0
7-Jul-2023,01:28:34,0.4
7-Jul-2023,01:32:00.1875,0.5
7-Jul-2023,01:32:07.21875,0.4
7-Jul-2023,01:33:02.3125,0.1
7-Jul-2023,01:39:45.5,0.0
7-Jul-2023,01:39:47.5,0.4
7-Jul-2023,01:39:56.5,0.0
7-Jul-2023,01:40:27.5,0.2
7-Jul-2023,01:48:28.75,0.5
7-Jul-2023,01:51:35.875,0.3
7-Jul-2023,01:51:47.875,0.5
7-Jul-2023,02:01:27.25,0.4
7-Jul-2023,02:09:29.4375,0.6
7-Jul-2023,02:09:51.46875,0.5
7-Jul-2023,02:39:12.78125,0.9
7-Jul-2023,04:22:25.3125,0.7
7-Jul-2023,04:22:31.375,0.0
7-Jul-2023,04:27:35.46875,0.1
7-Jul-2023,04:27:45.46875,0.1
7-Jul-2023,04:28:57.6875,0.2
7-Jul-2023,04:29:01.6875,0.5
7-Jul-2023,04:29:45.75,0.1
7-Jul-2023,04:31:23.84375,0.0
7-Jul-2023,04:32:32.875,0.2
7-Jul-2023,04:32:39.90625,0.1
7-Jul-2023,04:34:47.09375,0.1
7-Jul-2023,04:35:38.09375,0.1
7-Jul-2023,04:54:18.8125,0.2
7-Jul-2023,04:55:09.8125,0.7
7-Jul-2023,04:57:45.8125,0.4
7-Jul-2023,04:59:13.8125,0.6
7-Jul-2023,05:00:48.875,0.3
7-Jul-2023,05:02:47.03125,0.7
7-Jul-2023,05:06:10.1875,0.5
7-Jul-2023,05:07:15.25,0.5
7-Jul-2023,05:07:21.25,0.0
7-Jul-2023,05:07:53.25,0.2
7-Jul-2023,05:08:32.25,0.2
7-Jul-2023,05:15:05.5,0.1
7-Jul-2023,05:17:00.59375,0.3
7-Jul-2023,05:17:32.59375,0.2
7-Jul-2023,05:17:57.59375,0.1
7-Jul-2023,05:18:47.625,0.4
7-Jul-2023,05:21:07.78125,0.3
7-Jul-2023,05:21:10.8125,0.0
7-Jul-2023,05:21:42.8125,0.4
7-Jul-2023,05:23:23.8125,0.8
7-Jul-2023,06:01:43.5625,0.7
7-Jul-2023,11:25:38.8125,0.6
7-Jul-2023,11:31:11.09375,0.5
7-Jul-2023,11:31:17.09375,0.0
7-Jul-2023,11:31:53.09375,0.4
7-Jul-2023,11:47:46.90625,0.8
7-Jul-2023,12:07:31.90625,0.7
7-Jul-2023,12:24:39.5,0.7
7-Jul-2023,12:24:42.53125,0.4
7-Jul-2023,12:43:12.34375,0.8
7-Jul-2023,12:57:22,0.5
7-Jul-2023,13:11:30.46875,0.6
7-Jul-2023,13:13:13.46875,0.5
7-Jul-2023,13:17:13.59375,0.6
7-Jul-2023,13:17:39.59375,0.6
7-Jul-2023,13:17:43.59375,0.0
7-Jul-2023,13:18:42.59375,0.1
7-Jul-2023,13:19:03.59375,0.6
7-Jul-2023,13:19:46.65625,0.3
7-Jul-2023,13:19:49.65625,0.0
7-Jul-2023,13:20:50.65625,0.2
7-Jul-2023,13:21:20.65625,0.4
7-Jul-2023,13:21:25.65625,0.1
7-Jul-2023,13:23:05.6875,0.7
7-Jul-2023,13:33:20.25,0.4
7-Jul-2023,13:33:48.25,0.2
7-Jul-2023,13:34:31.375,0.2
7-Jul-2023,13:35:03.40625,0.2
7-Jul-2023,13:35:17.40625,0.2
7-Jul-2023,13:35:26.40625,0.2
7-Jul-2023,13:35:33.40625,0.0
7-Jul-2023,13:36:10.40625,0.1
7-Jul-2023,13:37:13.46875,0.4
7-Jul-2023,13:37:59.46875,0.0
7-Jul-2023,13:38:04.46875,0.4
7-Jul-2023,13:38:13.46875,0.0
7-Jul-2023,13:42:59.59375,0.2
7-Jul-2023,13:44:44.65625,0.2
7-Jul-2023,14:04:23.28125,0.1
7-Jul-2023,14:04:57.3125,0.1
7-Jul-2023,14:19:31.96875,0.1
7-Jul-2023,22:10:17.375,0.0
8-Jul-2023,06:00:42.625,0.0
8-Jul-2023,13:51:06.375,0.0
8-Jul-2023,21:41:33.4375,0.0
9-Jul-2023,03:25:49.03125,0.0
9-Jul-2023,03:25:51.0625,0.8
9-Jul-2023,05:02:34.4375,0.6
9-Jul-2023,05:02:38.4375,0.0
9-Jul-2023,06:05:33.8125,0.1
9-Jul-2023,06:06:05.84375,0.4
9-Jul-2023,06:06:39.875,0.0
9-Jul-2023,06:24:49.9375,0.2
9-Jul-2023,06:24:58.96875,0.3
9-Jul-2023,06:25:01.96875,0.0
9-Jul-2023,06:32:55.375,0.1
9-Jul-2023,06:33:45.4375,0.3
9-Jul-2023,06:33:55.4375,0.1
9-Jul-2023,06:34:13.4375,0.2
9-Jul-2023,06:35:03.46875,0.4
9-Jul-2023,06:35:37.46875,0.4
9-Jul-2023,06:36:21.46875,0.2
9-Jul-2023,06:37:22.53125,0.0
9-Jul-2023,06:37:57.5625,0.2
9-Jul-2023,06:41:40.90625,0.3
9-Jul-2023,06:44:14.125,0.2
9-Jul-2023,06:45:04.15625,0.1
9-Jul-2023,06:45:06.15625,0.3
9-Jul-2023,06:46:58.1875,0.5
9-Jul-2023,06:54:25.96875,0.6
9-Jul-2023,06:54:28.96875,0.0
9-Jul-2023,14:26:45.1875,0.0
9-Jul-2023,14:26:47.1875,0.7
9-Jul-2023,15:56:59.25,0.9
9-Jul-2023,17:21:40.71875,0.7
9-Jul-2023,17:55:43.90625,0.7
9-Jul-2023,18:07:30.5,0.7
9-Jul-2023,18:07:54.59375,0.4
9-Jul-2023,18:09:40.78125,0.4
9-Jul-2023,18:09:58.78125,0.7
9-Jul-2023,18:22:10.78125,0.6
9-Jul-2023,18:43:07.90625,0.9
9-Jul-2023,18:56:51.84375,0.6
9-Jul-2023,18:59:31.84375,0.9
9-Jul-2023,19:22:33.125,0.7
9-Jul-2023,19:25:22.40625,0.1
9-Jul-2023,19:27:13.5,0.5
9-Jul-2023,19:27:51.625,0.7
9-Jul-2023,19:32:15.96875,0.4
9-Jul-2023,19:35:20.0625,0.4
9-Jul-2023,19:36:34.125,0.0
9-Jul-2023,19:39:05.3125,0.2
9-Jul-2023,19:40:51.46875,0.6
9-Jul-2023,19:43:18.6875,0.5
9-Jul-2023,19:48:48.03125,0.4
9-Jul-2023,19:48:57.03125,0.1
9-Jul-2023,19:49:37.0625,0.5
9-Jul-2023,20:01:49.59375,0.6
9-Jul-2023,20:01:54.625,0.0
9-Jul-2023,20:02:17.625,0.3
9-Jul-2023,20:04:06.625,0.7
9-Jul-2023,20:51:39.46875,0.6
9-Jul-2023,20:57:27.59375,0.7
9-Jul-2023,21:02:54.90625,0.5
9-Jul-2023,21:03:32,0.2
9-Jul-2023,21:04:22.03125,0.6
9-Jul-2023,21:06:31.21875,0.3
9-Jul-2023,21:08:28.34375,0.7
9-Jul-2023,21:13:11.8125,0.4
9-Jul-2023,21:14:15.84375,0.7
9-Jul-2023,21:19:33.34375,0.7
9-Jul-2023,21:21:51.65625,0.5
9-Jul-2023,21:22:21.6875,0.1
9-Jul-2023,21:23:49.71875,0.3
9-Jul-2023,21:25:22.78125,0.5
9-Jul-2023,21:25:59.8125,0.0
9-Jul-2023,21:27:11.8125,0.2
9-Jul-2023,21:28:06,0.6
9-Jul-2023,21:28:57,0.3
9-Jul-2023,21:29:20.03125,0.1
9-Jul-2023,21:30:28.0625,0.2
9-Jul-2023,21:31:24.125,0.6
9-Jul-2023,21:34:21.34375,0.3
9-Jul-2023,21:35:40.5,0.2
9-Jul-2023,21:37:02.625,0.2
9-Jul-2023,21:37:39.625,0.7
9-Jul-2023,21:38:42.71875,0.3
9-Jul-2023,21:38:50.71875,0.0
9-Jul-2023,21:45:22.15625,0.2
9-Jul-2023,21:45:55.1875,0.2
9-Jul-2023,21:47:11.25,0.2
9-Jul-2023,21:47:39.25,0.2
9-Jul-2023,21:47:40.25,0.0
10-Jul-2023,00:00:19.46875,0.0
10-Jul-2023,00:37:14.5,0.1
10-Jul-2023,00:37:49.53125,0.1
10-Jul-2023,00:40:01.65625,0.2
10-Jul-2023,00:40:06.65625,0.5
10-Jul-2023,00:41:42.71875,0.4
10-Jul-2023,00:41:46.71875,0.0
10-Jul-2023,00:43:08.84375,0.0
10-Jul-2023,00:43:40.96875,0.1
10-Jul-2023,00:45:21.09375,0.7
10-Jul-2023,00:53:21.84375,0.4
10-Jul-2023,00:56:35.25,0.7
10-Jul-2023,01:30:44.3125,0.8
10-Jul-2023,01:30:48.3125,0.0
10-Jul-2023,09:21:19.15625,0.0
10-Jul-2023,13:22:44.0625,0.0
10-Jul-2023,13:22:47.0625,0.8
10-Jul-2023,19:32:02.25,0.7
10-Jul-2023,19:40:39.875,0.6
10-Jul-2023,19:40:42.875,0.1
10-Jul-2023,19:42:31.25,0.4
10-Jul-2023,19:42:56.28125,0.7
10-Jul-2023,19:49:18.8125,0.5
10-Jul-2023,19:49:22.8125,0.2
10-Jul-2023,19:50:28.96875,0.6
10-Jul-2023,19:57:55.34375,0.5
10-Jul-2023,19:58:29.34375,0.3
10-Jul-2023,19:58:45.34375,0.2
10-Jul-2023,20:00:21.46875,0.7
10-Jul-2023,20:03:12.59375,0.4
10-Jul-2023,20:06:13.78125,0.7
10-Jul-2023,20:10:43.90625,0.5
10-Jul-2023,20:10:56.90625,0.2
10-Jul-2023,20:11:31.9375,0.3
10-Jul-2023,20:12:14.96875,0.7
10-Jul-2023,20:20:46.5625,0.5
10-Jul-2023,20:20:57.59375,0.2
10-Jul-2023,20:21:41.71875,0.2
10-Jul-2023,20:23:08.875,0.7
10-Jul-2023,20:32:30.5625,0.6
10-Jul-2023,20:34:31.75,0.5
10-Jul-2023,20:36:09.84375,0.3
10-Jul-2023,20:38:45.0625,0.5
10-Jul-2023,20:39:44.09375,0.4
10-Jul-2023,20:41:02.21875,0.4
10-Jul-2023,20:41:09.25,0.1
10-Jul-2023,20:41:13.25,0.5
10-Jul-2023,20:41:55.28125,0.4
10-Jul-2023,20:41:59.28125,0.0
10-Jul-2023,20:42:42.34375,0.3
10-Jul-2023,20:44:05.4375,0.3
10-Jul-2023,20:44:10.4375,0.0
10-Jul-2023,20:44:17.4375,0.4
10-Jul-2023,20:49:39.6875,0.3
10-Jul-2023,20:50:04.6875,0.1
10-Jul-2023,20:50:52.71875,0.1
10-Jul-2023,20:51:37.71875,0.3
10-Jul-2023,20:51:42.71875,0.6
10-Jul-2023,20:53:16.90625,0.2
10-Jul-2023,20:53:27.9375,0.2
10-Jul-2023,20:55:06.96875,0.1
10-Jul-2023,20:55:11,0.4
10-Jul-2023,20:55:57,0.2
10-Jul-2023,20:56:37.09375,0.2
10-Jul-2023,20:56:39.09375,0.0
10-Jul-2023,20:57:29.21875,0.2
10-Jul-2023,20:58:47.375,0.4
10-Jul-2023,20:58:49.375,0.1
10-Jul-2023,21:04:28.65625,0.2
10-Jul-2023,21:05:02.6875,0.2
10-Jul-2023,21:05:18.6875,0.5
10-Jul-2023,21:06:31.71875,0.1
10-Jul-2023,21:10:51.84375,0.2
10-Jul-2023,21:20:37.40625,0.1
10-Jul-2023,21:20:52.40625,0.1
11-Jul-2023,00:27:00.21875,0.1
11-Jul-2023,00:27:26.28125,0.5
11-Jul-2023,00:29:11.46875,0.2
11-Jul-2023,00:29:40.46875,0.1
11-Jul-2023,00:32:11.75,0.2
11-Jul-2023,00:32:54.75,0.0
11-Jul-2023,00:39:12.125,0.2
11-Jul-2023,00:39:18.125,0.4
11-Jul-2023,00:39:36.125,0.1
11-Jul-2023,00:42:19.28125,0.2
11-Jul-2023,00:45:46.46875,0.0
11-Jul-2023,00:46:35.46875,0.4
11-Jul-2023,00:49:08.65625,0.4
11-Jul-2023,00:50:53.75,0.3
11-Jul-2023,00:50:55.75,0.0
11-Jul-2023,00:52:14.78125,0.1
11-Jul-2023,00:52:50.84375,0.4
11-Jul-2023,00:56:07.15625,0.6
11-Jul-2023,01:00:05.34375,0.5
11-Jul-2023,01:01:14.40625,0.3
11-Jul-2023,01:09:36.9375,0.8
11-Jul-2023,01:18:11.5625,0.7
11-Jul-2023,04:03:12.46875,0.7
11-Jul-2023,04:03:17.46875,0.0
11-Jul-2023,11:53:45.71875,0.0
11-Jul-2023,13:57:16.90625,0.0
11-Jul-2023,13:57:20.90625,0.8
11-Jul-2023,16:07:29.28125,0.7
11-Jul-2023,16:20:05.125,0.5
11-Jul-2023,16:28:40.75,0.5
11-Jul-2023,16:29:57.8125,0.5
11-Jul-2023,16:32:20.9375,0.1
11-Jul-2023,16:32:29,0.4
11-Jul-2023,16:35:30.09375,0.2
11-Jul-2023,16:39:03.25,0.4
11-Jul-2023,16:40:50.375,0.1
11-Jul-2023,16:41:01.375,0.1
11-Jul-2023,16:44:56.65625,0.0
11-Jul-2023,16:45:33.6875,0.1
11-Jul-2023,16:49:57.0625,0.0
11-Jul-2023,16:49:58.0625,0.2
11-Jul-2023,16:50:23.09375,0.0
12-Jul-2023,00:47:52.6875,0.0
12-Jul-2023,00:51:04.78125,0.2
12-Jul-2023,00:51:15.8125,0.3
12-Jul-2023,00:51:22.8125,0.0
12-Jul-2023,00:51:24.8125,0.3
12-Jul-2023,00:53:09.9375,0.6
12-Jul-2023,04:22:38.15625,0.9
12-Jul-2023,04:24:59.40625,0.7
12-Jul-2023,04:25:03.40625,0.1
12-Jul-2023,12:15:35.5625,0.0
12-Jul-2023,20:06:03.3125,0.0
13-Jul-2023,03:56:28.6875,0.0
13-Jul-2023,11:46:49.28125,0.0
13-Jul-2023,19:37:15,0.0
14-Jul-2023,03:27:40.5,0.0
14-Jul-2023,05:14:48.59375,0.0
14-Jul-2023,05:14:51.59375,0.8
14-Jul-2023,07:09:33.59375,0.7
14-Jul-2023,07:09:38.59375,0.0
14-Jul-2023,15:00:10.6875,0.0
14-Jul-2023,22:50:43.09375,0.0
15-Jul-2023,04:21:25.03125,0.0
15-Jul-2023,04:21:28.03125,0.8
15-Jul-2023,05:21:53.46875,0.6
15-Jul-2023,05:21:56.46875,0.0
15-Jul-2023,13:12:31.125,0.0
15-Jul-2023,21:03:09.6875,0.0
16-Jul-2023,04:53:48.875,0.0
16-Jul-2023,12:44:21.59375,0.0
16-Jul-2023,20:34:54.3125,0.0
17-Jul-2023,04:25:27.5,0.0
17-Jul-2023,12:16:00.46875,0.0
17-Jul-2023,20:06:33.4375,0.0
18-Jul-2023,03:57:10,0.0
18-Jul-2023,11:47:42.40625,0.0
18-Jul-2023,19:38:17.75,0.0
19-Jul-2023,03:28:50.3125,0.0
19-Jul-2023,11:19:19.8125,0.0
19-Jul-2023,19:09:50.59375,0.0
20-Jul-2023,03:00:23.0625,0.0
20-Jul-2023,10:50:55.21875,0.0
20-Jul-2023,18:41:27.375,0.0
21-Jul-2023,02:31:59.25,0.0
21-Jul-2023,10:22:30.90625,0.0
21-Jul-2023,18:13:07.3125,0.0
22-Jul-2023,02:03:41.5625,0.0
22-Jul-2023,09:54:13.5625,0.0
22-Jul-2023,17:38:51.03125,0.0
22-Jul-2023,17:39:45.5,Bad
22-Jul-2023,17:48:50.75,0.0
23-Jul-2023,01:39:21.8125,0.0
23-Jul-2023,09:29:58.78125,0.0
23-Jul-2023,17:20:30.03125,0.0
24-Jul-2023,01:11:08.125,0.0
24-Jul-2023,09:01:34.875,0.0
24-Jul-2023,16:52:07.8125,0.0
25-Jul-2023,00:42:38.59375,0.0
25-Jul-2023,08:33:09.46875,0.0
25-Jul-2023,16:23:41.28125,0.0
26-Jul-2023,00:14:09.15625,0.0
26-Jul-2023,08:04:41.5625,0.0
26-Jul-2023,15:55:13.40625,0.0
26-Jul-2023,23:45:42.1875,0.0
27-Jul-2023,07:36:16.5625,0.0
27-Jul-2023,15:26:48.53125,0.0
27-Jul-2023,23:17:19.875,0.0
28-Jul-2023,07:07:52.34375,0.0
28-Jul-2023,14:58:20.09375,0.0
28-Jul-2023,22:48:45.375,0.0
29-Jul-2023,06:39:18.21875,0.0
29-Jul-2023,14:29:50.9375,0.0
29-Jul-2023,22:20:22.90625,0.0
30-Jul-2023,06:10:56.15625,0.0
30-Jul-2023,14:01:25.9375,0.0
30-Jul-2023,21:51:56.03125,0.0
31-Jul-2023,05:42:30.40625,0.0
31-Jul-2023,12:03:43.21875,Bad
31-Jul-2023,12:03:44.21875,Bad
1-Aug-2023,01:50:06.22301,Bad
1-Aug-2023,01:50:19.25,0.0
1-Aug-2023,02:07:33.375,Bad
1-Aug-2023,02:13:43.3125,0.0
1-Aug-2023,10:04:05.6875,0.0
1-Aug-2023,17:54:18.5625,0.0
2-Aug-2023,01:44:38.53125,0.0
2-Aug-2023,09:35:03.90625,0.0
2-Aug-2023,17:25:30.78125,0.0
3-Aug-2023,01:15:50.90625,0.0
3-Aug-2023,09:06:11.3125,0.0
3-Aug-2023,16:56:34.71875,0.0
4-Aug-2023,00:46:59.40625,0.0
4-Aug-2023,08:37:21.65625,0.0
4-Aug-2023,16:27:53.875,0.0
5-Aug-2023,00:18:28.1875,0.0
5-Aug-2023,08:08:59.34375,0.0
5-Aug-2023,15:59:26.28125,0.0
5-Aug-2023,23:49:59.96875,0.0
6-Aug-2023,07:40:38.3125,0.0
6-Aug-2023,15:31:15.78125,0.0
6-Aug-2023,23:21:45.90625,0.0
7-Aug-2023,07:12:24.28125,0.0
7-Aug-2023,15:03:02.8125,0.0
7-Aug-2023,22:53:34.625,0.0
8-Aug-2023,06:44:08.1875,0.0
8-Aug-2023,14:34:45.5,0.0
8-Aug-2023,22:25:20.09375,0.0
9-Aug-2023,06:15:50.53125,0.0
9-Aug-2023,14:06:28.4375,0.0
9-Aug-2023,21:57:00.875,0.0
10-Aug-2023,05:47:37.875,0.0
10-Aug-2023,13:38:10.75,0.0
10-Aug-2023,21:28:51.21875,0.0
11-Aug-2023,05:19:25.1875,0.0
11-Aug-2023,13:09:38.75,0.0
11-Aug-2023,20:59:58.6875,0.0
12-Aug-2023,03:23:59.46875,0.1
12-Aug-2023,03:24:00.46875,0.7
12-Aug-2023,03:24:03.46875,0.0
12-Aug-2023,11:19:37,0.0
12-Aug-2023,19:10:03.875,0.0
13-Aug-2023,03:00:28.375,0.0
13-Aug-2023,10:50:59.71875,0.0
13-Aug-2023,18:41:30.90625,0.0
14-Aug-2023,02:31:56.25,0.0
14-Aug-2023,10:22:26.28125,0.0
14-Aug-2023,18:12:57.1875,0.0
15-Aug-2023,02:03:23.25,0.0
15-Aug-2023,09:53:47.0625,0.0
15-Aug-2023,17:44:16,0.0
16-Aug-2023,01:34:47.3125,0.0
16-Aug-2023,09:25:21.46875,0.0
16-Aug-2023,17:15:45.53125,0.0
17-Aug-2023,01:06:03.46875,0.0
17-Aug-2023,08:56:21.625,0.0
17-Aug-2023,16:46:47.15625,0.0
18-Aug-2023,00:37:13.0625,0.0
18-Aug-2023,08:27:31.3125,0.0
18-Aug-2023,16:17:51.3125,0.0
19-Aug-2023,00:08:12.28125,0.0
19-Aug-2023,07:58:37.5,0.0
19-Aug-2023,15:49:04.15625,0.0
19-Aug-2023,23:39:21.34375,0.0
20-Aug-2023,07:29:42.6875,0.0
20-Aug-2023,15:20:03.40625,0.0
20-Aug-2023,23:10:29.03125,0.0
21-Aug-2023,07:00:55.75,0.0
21-Aug-2023,14:51:23.78125,0.0
21-Aug-2023,22:41:52.75,0.0
22-Aug-2023,06:32:25.71875,0.0
22-Aug-2023,14:22:47.90625,0.0
22-Aug-2023,22:13:16.34375,0.0
23-Aug-2023,06:03:45.40625,0.0
23-Aug-2023,13:54:13.15625,0.0
23-Aug-2023,21:44:37.40625,0.0
24-Aug-2023,05:35:04.90625,0.0
24-Aug-2023,13:25:30.34375,0.0
24-Aug-2023,21:16:00.78125,0.0
25-Aug-2023,05:06:25.96875,0.0
25-Aug-2023,12:56:49.40625,0.0
25-Aug-2023,20:47:18.4375,0.0
26-Aug-2023,04:37:43.71875,0.0
26-Aug-2023,12:28:08.875,0.0
26-Aug-2023,20:18:34.09375,0.0
27-Aug-2023,04:09:00.1875,0.0
27-Aug-2023,11:59:32.125,0.0
27-Aug-2023,19:50:02.5,0.0
28-Aug-2023,03:40:26.8125,0.0
28-Aug-2023,11:30:58.34375,0.0
28-Aug-2023,19:21:30.21875,0.0
29-Aug-2023,03:11:56.15625,0.0
29-Aug-2023,11:02:27.46875,0.0
29-Aug-2023,18:52:57.71875,0.0
30-Aug-2023,02:43:28.28125,0.0
30-Aug-2023,10:33:44.09375,0.0
30-Aug-2023,18:24:10.5,0.0
31-Aug-2023,02:14:34.75,0.0
31-Aug-2023,10:04:55.375,0.0
31-Aug-2023,17:55:27.40625,0.0
1-Sep-2023,01:45:59.3125,0.0
1-Sep-2023,09:36:31.375,0.0
1-Sep-2023,17:27:01.5,0.0
2-Sep-2023,01:17:35.1875,0.0
2-Sep-2023,09:08:11.8125,0.0
2-Sep-2023,16:58:44.3125,0.0
3-Sep-2023,00:49:13.34375,0.0
3-Sep-2023,08:39:46.59375,0.0
3-Sep-2023,15:34:32.875,0.0
3-Sep-2023,15:35:28.6875,Bad
3-Sep-2023,15:44:32.09375,0.0
3-Sep-2023,23:35:07.59375,0.0
4-Sep-2023,07:25:42.78125,0.0
4-Sep-2023,15:16:15.1875,0.0
4-Sep-2023,23:06:47.8125,0.0
5-Sep-2023,06:57:20.75,0.0
5-Sep-2023,14:47:52.6875,0.0
5-Sep-2023,22:38:23.71875,0.0
6-Sep-2023,06:28:50.8125,0.0
6-Sep-2023,14:19:19.65625,0.0
6-Sep-2023,22:09:41.65625,0.0
7-Sep-2023,06:00:01.65625,0.0
7-Sep-2023,13:50:28.53125,0.0
7-Sep-2023,21:40:56.40625,0.0
8-Sep-2023,05:31:20.25,0.0
8-Sep-2023,13:21:39.53125,0.0
8-Sep-2023,21:12:06.78125,0.0
9-Sep-2023,05:02:33.4375,0.0
9-Sep-2023,12:52:54.84375,0.0
9-Sep-2023,20:43:16.65625,0.0
10-Sep-2023,04:33:42.09375,0.0
10-Sep-2023,12:24:16.3125,0.0
10-Sep-2023,20:14:47.09375,0.0
11-Sep-2023,04:05:19.28125,0.0
11-Sep-2023,11:55:56.65625,0.0
11-Sep-2023,19:46:30.6875,0.0
12-Sep-2023,03:37:05.09375,0.0
12-Sep-2023,11:27:40.8125,0.0
12-Sep-2023,19:18:12.28125,0.0
13-Sep-2023,03:08:34.65625,0.0
13-Sep-2023,10:59:04.6875,0.0
13-Sep-2023,18:49:31.40625,0.0
14-Sep-2023,02:39:55.1875,0.0
14-Sep-2023,10:30:17.5,0.0
14-Sep-2023,18:20:52.21875,0.0
15-Sep-2023,02:11:29.65625,0.0
15-Sep-2023,10:02:02.03125,0.0
15-Sep-2023,17:52:36.75,0.0
16-Sep-2023,01:43:10.0625,0.0
16-Sep-2023,09:33:44.375,0.0
16-Sep-2023,17:24:16.8125,0.0
17-Sep-2023,01:14:48.1875,0.0
17-Sep-2023,09:05:25.96875,0.0
17-Sep-2023,16:56:01.9375,0.0
18-Sep-2023,00:46:37.03125,0.0
18-Sep-2023,02:16:08.09375,Bad
18-Sep-2023,02:16:08.09375,0.0
18-Sep-2023,02:16:08.09375,Bad
18-Sep-2023,03:05:17.25,0.0
18-Sep-2023,03:05:29.75,0.0
18-Sep-2023,03:05:45.25,Bad
18-Sep-2023,03:15:29,0.0
18-Sep-2023,04:16:40.3125,Bad
18-Sep-2023,04:21:35.46875,0.0
18-Sep-2023,05:10:22.5,0.1
18-Sep-2023,05:10:26.5,0.6
18-Sep-2023,05:12:59.1875,0.8
18-Sep-2023,05:13:02.21875,0.0
18-Sep-2023,05:13:09.3125,0.0
18-Sep-2023,05:13:13.3125,1.1
18-Sep-2023,05:13:19.3125,0.2
18-Sep-2023,05:13:30.34375,2.1
18-Sep-2023,05:13:41.34375,2.4
18-Sep-2023,05:13:47.375,3.2
18-Sep-2023,05:14:49.53125,3.0
18-Sep-2023,05:16:00.75,0.7
18-Sep-2023,05:16:47.84375,1.0
18-Sep-2023,05:19:08.28125,2.9
18-Sep-2023,05:21:33.6875,2.7
18-Sep-2023,05:24:05.09375,1.9
18-Sep-2023,05:28:51.125,1.9
18-Sep-2023,05:31:04.625,1.7
18-Sep-2023,05:33:32.03125,1.3
18-Sep-2023,05:36:02.59375,1.0
18-Sep-2023,05:40:39.34375,1.5
18-Sep-2023,05:47:40.5625,1.6
18-Sep-2023,05:55:26.34375,1.0
18-Sep-2023,05:57:17.625,0.7
18-Sep-2023,05:57:18.625,0.2
18-Sep-2023,05:57:22.65625,0.6
18-Sep-2023,05:57:29.65625,0.0
18-Sep-2023,05:57:42.6875,0.1
18-Sep-2023,05:57:44.6875,0.6
18-Sep-2023,05:58:06.78125,0.1
18-Sep-2023,05:58:10.78125,0.6
18-Sep-2023,05:58:57.90625,0.0
18-Sep-2023,06:04:19.0625,0.1
18-Sep-2023,06:04:21.09375,0.8
18-Sep-2023,06:04:32.125,1.8
18-Sep-2023,06:06:15.40625,1.1
18-Sep-2023,06:07:10.59375,1.2
18-Sep-2023,06:07:13.59375,0.3
18-Sep-2023,06:07:29.65625,0.5
18-Sep-2023,06:07:33.65625,1.5
18-Sep-2023,06:07:49.65625,1.4
18-Sep-2023,06:08:03.65625,2.6
18-Sep-2023,06:09:12.71875,3.1
18-Sep-2023,06:09:29.78125,3.5
18-Sep-2023,06:11:07.03125,3.6
18-Sep-2023,06:13:07.4375,3.8
18-Sep-2023,06:16:08,3.3
18-Sep-2023,06:17:03.0625,2.9
18-Sep-2023,06:17:39.15625,1.8
18-Sep-2023,06:19:09.625,1.6
18-Sep-2023,06:19:18.625,1.4
18-Sep-2023,06:19:24.625,1.8
18-Sep-2023,06:19:45.625,1.8
18-Sep-2023,06:19:52.65625,2.1
18-Sep-2023,06:21:56.90625,1.9
18-Sep-2023,06:24:55.40625,1.7
18-Sep-2023,06:25:19.40625,1.6
18-Sep-2023,06:25:22.40625,0.8
18-Sep-2023,06:25:27.40625,0.8
18-Sep-2023,06:25:29.40625,1.3
18-Sep-2023,06:26:01.46875,1.4
18-Sep-2023,06:26:02.46875,1.1
18-Sep-2023,06:26:05.46875,1.6
18-Sep-2023,06:26:19.5,1.2
18-Sep-2023,06:26:20.53125,0.9
18-Sep-2023,06:26:22.5625,1.4
18-Sep-2023,06:26:34.59375,1.3
18-Sep-2023,06:26:35.59375,1.0
18-Sep-2023,06:26:38.59375,1.6
18-Sep-2023,06:27:08.6875,1.3
18-Sep-2023,06:27:30.8125,1.2
18-Sep-2023,06:27:32.8125,1.5
18-Sep-2023,06:30:20.9375,1.5
18-Sep-2023,06:37:42.03125,2.7
18-Sep-2023,06:47:12.25,2.7
18-Sep-2023,06:58:43.40625,2.8
18-Sep-2023,07:03:24,2.7
18-Sep-2023,07:07:27.8125,2.7
18-Sep-2023,07:11:56.40625,2.6
18-Sep-2023,07:15:40.1875,2.6
18-Sep-2023,07:19:58.90625,2.6
18-Sep-2023,07:22:27.40625,2.5
18-Sep-2023,07:36:14.6875,2.5
18-Sep-2023,07:48:05.40625,2.5
18-Sep-2023,07:53:18.28125,2.4
18-Sep-2023,07:58:27.25,2.5
18-Sep-2023,08:03:06,2.5
18-Sep-2023,08:06:18.90625,2.6
18-Sep-2023,08:10:29.4375,2.5
18-Sep-2023,08:21:37,2.5
18-Sep-2023,08:28:00.09375,2.5
18-Sep-2023,08:32:25.09375,2.6
18-Sep-2023,08:39:06.875,2.5
18-Sep-2023,08:46:20.6875,2.6
18-Sep-2023,08:48:55.3125,2.6
18-Sep-2023,08:55:38.65625,2.6
18-Sep-2023,09:05:04.96875,2.5
18-Sep-2023,09:11:22.125,2.5
18-Sep-2023,09:15:19.78125,2.6
18-Sep-2023,09:36:45.84375,2.5
18-Sep-2023,09:41:25.75,2.5
18-Sep-2023,09:41:29.75,0.1
18-Sep-2023,17:31:57.09375,0.0
19-Sep-2023,01:22:24.125,0.0
19-Sep-2023,09:12:55.78125,0.0
19-Sep-2023,17:03:16.46875,0.0
20-Sep-2023,00:53:41.40625,0.0
20-Sep-2023,08:44:09.4375,0.0
20-Sep-2023,16:34:36.8125,0.0
21-Sep-2023,00:25:00.9375,0.0
21-Sep-2023,08:15:36.21875,0.0
21-Sep-2023,16:06:11.65625,0.0
21-Sep-2023,23:56:43.75,0.0
22-Sep-2023,07:47:17.65625,0.0
22-Sep-2023,15:37:48.6875,0.0
22-Sep-2023,23:28:22.3125,0.0
23-Sep-2023,07:18:57.65625,0.0
23-Sep-2023,15:09:31.96875,0.0
23-Sep-2023,22:59:54.125,0.0
24-Sep-2023,06:50:21.6875,0.0
24-Sep-2023,14:40:50.375,0.0
24-Sep-2023,22:31:16.71875,0.0
25-Sep-2023,06:21:43.84375,0.0
25-Sep-2023,09:49:24.4375,0.0
25-Sep-2023,09:49:25.46875,1.1
25-Sep-2023,09:49:28.5,0.0
25-Sep-2023,17:39:52.1875,0.0
26-Sep-2023,01:30:26.28125,0.0
26-Sep-2023,09:21:03.375,0.0
26-Sep-2023,17:11:32.90625,0.0
27-Sep-2023,01:02:01.71875,0.0
27-Sep-2023,08:52:34.6875,0.0
27-Sep-2023,16:43:09.875,0.0
28-Sep-2023,00:33:39.78125,0.0
28-Sep-2023,08:24:06.71875,0.0
28-Sep-2023,16:14:45.90625,0.0
29-Sep-2023,00:05:17.84375,0.0
29-Sep-2023,07:55:47.78125,0.0
29-Sep-2023,15:46:22.96875,0.0
29-Sep-2023,23:36:53.03125,0.0
30-Sep-2023,07:27:30.3125,0.0
30-Sep-2023,15:17:58.4375,0.0
30-Sep-2023,23:08:29.71875,0.0
1-Oct-2023,06:59:01.21875,0.0
1-Oct-2023,14:49:31.46875,0.0
1-Oct-2023,22:40:01.96875,0.0
2-Oct-2023,06:30:29.40625,0.0
2-Oct-2023,14:20:55.59375,0.0
2-Oct-2023,22:11:15.40625,0.0
3-Oct-2023,06:01:30.9375,0.0
3-Oct-2023,13:51:54.4375,0.0
3-Oct-2023,21:42:12.8125,0.0
4-Oct-2023,05:32:40.03125,0.0
4-Oct-2023,13:23:01.5,0.0
4-Oct-2023,21:13:31.5,0.0
5-Oct-2023,05:04:04.1875,0.0
5-Oct-2023,09:24:17.15625,0.0
2-Nov-2023,08:34:30.80101,0.0
2-Nov-2023,08:35:50.15625,0.0
2-Nov-2023,16:26:20.78125,0.0
3-Nov-2023,00:16:52.8125,0.0
3-Nov-2023,08:07:25.1875,0.0
3-Nov-2023,15:57:59.3125,0.0
3-Nov-2023,23:48:31.59375,0.0
4-Nov-2023,07:39:00.21875,0.0
4-Nov-2023,15:29:29.1875,0.0
4-Nov-2023,23:20:00.875,0.0
5-Nov-2023,06:10:32.9375,0.0
5-Nov-2023,14:01:03.90625,0.0
5-Nov-2023,21:51:32.21875,0.0
6-Nov-2023,05:42:02.0625,0.0
6-Nov-2023,13:32:32.46875,0.0
6-Nov-2023,21:23:03.53125,0.0
7-Nov-2023,05:13:33.25,0.0
7-Nov-2023,13:04:00.15625,0.0
7-Nov-2023,20:54:30.03125,0.0
8-Nov-2023,04:45:02.96875,0.0
8-Nov-2023,12:35:39.78125,0.0
8-Nov-2023,20:26:09.8125,0.0
9-Nov-2023,04:16:43.03125,0.0
9-Nov-2023,12:07:09.625,0.0
9-Nov-2023,19:57:41.28125,0.0
10-Nov-2023,03:48:08.90625,0.0
10-Nov-2023,11:38:37.8125,0.0
10-Nov-2023,19:29:10.71875,0.0
11-Nov-2023,03:19:36.15625,0.0
11-Nov-2023,07:22:38.3125,Bad
11-Nov-2023,07:27:02.625,0.0
11-Nov-2023,07:28:03.5,Bad
11-Nov-2023,07:28:03.5,0.0
11-Nov-2023,07:28:03.5,Bad
11-Nov-2023,07:32:22.5625,0.0
11-Nov-2023,07:44:25.90625,Bad
11-Nov-2023,07:44:25.90625,0.0
11-Nov-2023,07:44:25.90625,Bad
11-Nov-2023,07:49:13.71875,0.0
11-Nov-2023,15:39:47.75,0.0
11-Nov-2023,23:30:11.90625,0.0
12-Nov-2023,07:20:37.90625,0.0
12-Nov-2023,13:12:46.875,0.0
12-Nov-2023,13:12:47.875,120.9
12-Nov-2023,13:12:48.90625,0.0
12-Nov-2023,21:03:14.65625,0.0
13-Nov-2023,04:53:40.5,0.0
13-Nov-2023,12:44:10.9375,0.0
13-Nov-2023,20:34:41.375,0.0
14-Nov-2023,04:25:14.75,0.0
14-Nov-2023,12:15:42.6875,0.0
14-Nov-2023,20:06:10.96875,0.0
15-Nov-2023,03:56:36.1875,0.0
15-Nov-2023,11:47:00.65625,0.0
15-Nov-2023,19:37:36.40625,0.0
16-Nov-2023,03:28:06.96875,0.0
16-Nov-2023,11:18:36.625,0.0
16-Nov-2023,19:09:02.4375,0.0
17-Nov-2023,02:59:32.9375,0.0
17-Nov-2023,10:49:56.96875,0.0
17-Nov-2023,18:40:25.46875,0.0
18-Nov-2023,02:30:57.5,0.0
18-Nov-2023,10:21:27.34375,0.0
18-Nov-2023,18:11:54.90625,0.0
19-Nov-2023,02:02:24.5625,0.0
19-Nov-2023,09:52:48.46875,0.0
19-Nov-2023,17:43:13.875,0.0
20-Nov-2023,01:33:36.375,0.0
20-Nov-2023,09:24:01.5,0.0
20-Nov-2023,17:14:25.8125,0.0
21-Nov-2023,01:04:55.84375,0.0
21-Nov-2023,08:55:25.25,0.0
21-Nov-2023,16:45:51,0.0
22-Nov-2023,00:36:17.40625,0.0
22-Nov-2023,01:27:52.15625,0.0
22-Nov-2023,01:27:54.15625,2.0
22-Nov-2023,01:27:56.1875,5.9
22-Nov-2023,01:27:57.1875,1.4
22-Nov-2023,01:27:58.1875,0.0
22-Nov-2023,06:15:44.25,0.0
22-Nov-2023,06:15:45.25,0.8
22-Nov-2023,06:15:46.25,4.9
22-Nov-2023,06:15:48.28125,0.0
22-Nov-2023,14:06:20.125,0.0
22-Nov-2023,21:56:52.53125,0.0
23-Nov-2023,05:47:23,0.0
23-Nov-2023,13:37:52.1875,0.0
23-Nov-2023,21:28:21.09375,0.0
24-Nov-2023,05:18:51.125,0.0
24-Nov-2023,13:09:21.65625,0.0
24-Nov-2023,20:59:47.3125,0.0
25-Nov-2023,04:50:17.28125,0.0
25-Nov-2023,09:29:10.4375,0.1
25-Nov-2023,17:19:41.1875,0.0
26-Nov-2023,01:10:08.75,0.0
26-Nov-2023,09:00:36.46875,0.0
26-Nov-2023,16:51:09.96875,0.0
27-Nov-2023,00:41:42.9375,0.0
27-Nov-2023,08:32:09.28125,0.0
27-Nov-2023,12:29:15.4375,0.0
27-Nov-2023,20:19:49.5,0.0
28-Nov-2023,04:10:20.84375,0.0
28-Nov-2023,12:00:48.46875,0.0
28-Nov-2023,19:51:19.59375,0.0
29-Nov-2023,03:41:53.375,0.0
29-Nov-2023,11:32:24.21875,0.0
29-Nov-2023,19:22:54.71875,0.0
30-Nov-2023,03:13:23.75,0.0
30-Nov-2023,11:03:56,0.0
30-Nov-2023,18:54:32.59375,0.0
1-Dec-2023,02:45:01.65625,0.0
1-Dec-2023,10:35:30.09375,0.0
1-Dec-2023,18:26:02.34375,0.0
2-Dec-2023,02:16:33.34375,0.0
2-Dec-2023,10:06:57.03125,0.0
2-Dec-2023,17:57:31.875,0.0
3-Dec-2023,01:47:57.09375,0.0
3-Dec-2023,09:38:29.46875,0.0
3-Dec-2023,17:29:01.71875,0.0
4-Dec-2023,01:19:36.3125,0.0
4-Dec-2023,01:57:30.21875,Bad
4-Dec-2023,02:59:47.6875,0.0
4-Dec-2023,03:01:12.75,Bad
4-Dec-2023,03:02:17.09375,0.0
4-Dec-2023,10:52:41.96875,0.0
4-Dec-2023,18:43:01.125,0.0
5-Dec-2023,02:33:27.96875,0.0
5-Dec-2023,10:24:04.03125,0.0
5-Dec-2023,18:14:29.53125,0.0
6-Dec-2023,02:04:56.875,0.0
6-Dec-2023,09:55:21.3125,0.0
6-Dec-2023,17:45:59.6875,0.0
7-Dec-2023,01:36:30.71875,0.0
7-Dec-2023,09:26:53.78125,0.0
7-Dec-2023,17:17:14.78125,0.0
8-Dec-2023,01:07:42,0.0
8-Dec-2023,08:58:07.59375,0.0
8-Dec-2023,16:57:16.9375,0.0
9-Dec-2023,00:47:43.46875,0.0
9-Dec-2023,08:38:08.9375,0.0
9-Dec-2023,16:28:33.5625,0.0
10-Dec-2023,00:18:59.03125,0.0
10-Dec-2023,08:09:25.09375,0.0
10-Dec-2023,15:59:45.9375,0.0
10-Dec-2023,23:50:16.40625,0.0
11-Dec-2023,07:40:45.09375,0.0
11-Dec-2023,15:31:10.53125,0.0
11-Dec-2023,23:21:33.34375,0.0
12-Dec-2023,07:11:56.65625,0.0
12-Dec-2023,15:02:20.3125,0.0
12-Dec-2023,22:52:50.1875,0.0
13-Dec-2023,01:17:24.1875,0.0
13-Dec-2023,01:17:25.1875,0.3
13-Dec-2023,01:17:26.1875,0.1
13-Dec-2023,09:07:54.0625,0.0
13-Dec-2023,16:58:12.4375,0.0
14-Dec-2023,00:48:29.75,0.0
14-Dec-2023,08:38:46.53125,0.0
14-Dec-2023,16:29:03.9375,0.0
15-Dec-2023,00:19:24.1875,0.0
15-Dec-2023,08:09:51.34375,0.0
15-Dec-2023,16:00:13.09375,0.0
15-Dec-2023,23:50:44.40625,0.0
16-Dec-2023,07:41:12.0625,0.0
16-Dec-2023,15:31:40.21875,0.0
16-Dec-2023,23:22:09.53125,0.0
17-Dec-2023,07:12:35.5,0.0
17-Dec-2023,15:03:03.625,0.0
17-Dec-2023,22:53:32.4375,0.0
18-Dec-2023,06:44:01.5625,0.0
18-Dec-2023,14:34:31.34375,0.0
18-Dec-2023,22:25:00.96875,0.0
19-Dec-2023,06:15:32.46875,0.0
19-Dec-2023,14:06:00.03125,0.0
19-Dec-2023,21:56:31.4375,0.0
20-Dec-2023,05:47:03.28125,0.0
20-Dec-2023,13:37:35.25,0.0
20-Dec-2023,21:28:07.34375,0.0
21-Dec-2023,05:18:38.71875,0.0
21-Dec-2023,13:09:09.40625,0.0
21-Dec-2023,20:59:39.53125,0.0
22-Dec-2023,04:50:12.21875,0.0
22-Dec-2023,12:40:46.1875,0.0
22-Dec-2023,20:31:21.03125,0.0
23-Dec-2023,04:21:46.4375,0.0
23-Dec-2023,12:12:18.8125,0.0
23-Dec-2023,20:02:54.46875,0.0
24-Dec-2023,03:53:28.65625,0.0
24-Dec-2023,11:43:55.53125,0.0
24-Dec-2023,19:34:17.15625,0.0
25-Dec-2023,03:24:39.84375,0.0
25-Dec-2023,11:15:05.375,0.0
25-Dec-2023,19:05:31.6875,0.0
26-Dec-2023,02:55:56.875,0.0
26-Dec-2023,10:46:24,0.0
26-Dec-2023,18:36:48.09375,0.0
27-Dec-2023,02:27:10.84375,0.0
27-Dec-2023,10:17:37.46875,0.0
27-Dec-2023,18:08:09.5625,0.0
28-Dec-2023,01:58:42.59375,0.0
28-Dec-2023,09:49:07.71875,0.0
28-Dec-2023,17:39:31.40625,0.0
29-Dec-2023,01:30:02.15625,0.0
29-Dec-2023,09:20:35.1875,0.0
29-Dec-2023,17:10:56.4375,0.0
30-Dec-2023,01:01:21.875,0.0
30-Dec-2023,08:51:53.4375,0.0
30-Dec-2023,16:42:24.03125,0.0
31-Dec-2023,00:32:46.1875,0.0
31-Dec-2023,08:23:15.9375,0.0
31-Dec-2023,16:13:40.3125,0.0
1-Jan-2024,00:04:05.90625,0.0
1-Jan-2024,07:54:25.1875,0.0
1-Jan-2024,15:44:40.03125,0.0
1-Jan-2024,23:35:05.25,0.0
2-Jan-2024,07:25:31.34375,0.0
2-Jan-2024,15:16:02,0.0
2-Jan-2024,23:06:30.75,0.0
3-Jan-2024,06:57:04,0.0
3-Jan-2024,14:47:36.25,0.0
3-Jan-2024,22:38:09.75,0.0
4-Jan-2024,06:28:35.59375,0.0
4-Jan-2024,14:18:59.84375,0.0
4-Jan-2024,22:09:31.21875,0.0
5-Jan-2024,06:00:00.59375,0.0
5-Jan-2024,13:50:32.9375,0.0
5-Jan-2024,21:41:06.28125,0.0
6-Jan-2024,05:31:38.625,0.0
6-Jan-2024,13:22:07.09375,0.0
6-Jan-2024,21:12:40.34375,0.0
7-Jan-2024,05:03:13.09375,0.0
7-Jan-2024,12:53:47.9375,0.0
7-Jan-2024,20:44:22,0.0
8-Jan-2024,04:34:52.6875,0.0
8-Jan-2024,12:25:19.40625,0.0
8-Jan-2024,20:15:51.0625,0.0
9-Jan-2024,04:06:24.0625,0.0
9-Jan-2024,11:56:56.96875,0.0
9-Jan-2024,19:47:26.09375,0.0
10-Jan-2024,03:37:57.71875,0.0
10-Jan-2024,11:28:32.21875,0.0
10-Jan-2024,19:18:58.125,0.0
11-Jan-2024,03:09:28.4375,0.0
11-Jan-2024,10:59:59.96875,0.0
11-Jan-2024,18:50:28.84375,0.0
12-Jan-2024,02:40:57.46875,0.0
12-Jan-2024,10:31:34.125,0.0
12-Jan-2024,18:22:05.9375,0.0
13-Jan-2024,02:12:35.75,0.0
13-Jan-2024,10:03:02.8125,0.0
13-Jan-2024,17:53:34.15625,0.0
14-Jan-2024,01:44:09.0625,0.0
14-Jan-2024,09:34:44.65625,0.0
14-Jan-2024,17:25:14.3125,0.0
15-Jan-2024,01:15:45.75,0.0
15-Jan-2024,09:06:15.6875,0.0
15-Jan-2024,16:56:40.375,0.0
16-Jan-2024,00:47:08.59375,0.0
16-Jan-2024,08:37:37.34375,0.0
16-Jan-2024,14:07:53.625,0.0
24-Jan-2024,08:08:17.34375,0.0
24-Jan-2024,08:09:23.375,0.0
24-Jan-2024,15:59:51.125,0.0
24-Jan-2024,23:50:17,0.0
25-Jan-2024,07:40:38.6875,0.0
25-Jan-2024,15:31:03.65625,0.0
25-Jan-2024,23:21:27.65625,0.0
26-Jan-2024,07:11:54.8125,0.0
26-Jan-2024,15:02:20.125,0.0
26-Jan-2024,22:52:37.15625,0.0
27-Jan-2024,06:42:59.875,0.0
27-Jan-2024,14:33:24.59375,0.0
27-Jan-2024,22:23:50.15625,0.0
28-Jan-2024,06:14:17.71875,0.0
28-Jan-2024,14:04:38.34375,0.0
28-Jan-2024,21:55:00.78125,0.0
29-Jan-2024,05:45:31.625,0.0
29-Jan-2024,06:29:23.53125,0.0
29-Jan-2024,13:17:32.21875,Bad
29-Jan-2024,13:17:39.21875,0.0
29-Jan-2024,21:07:59.0625,0.0
30-Jan-2024,04:58:20.03125,0.0
30-Jan-2024,12:48:42.875,0.0
30-Jan-2024,20:39:08.40625,0.0
31-Jan-2024,04:29:36.03125,0.0
31-Jan-2024,12:20:00.46875,0.0
31-Jan-2024,20:10:20.40625,0.0
1-Feb-2024,04:00:46.125,0.0
1-Feb-2024,11:51:12.28125,0.0
1-Feb-2024,19:41:38.3125,0.0
2-Feb-2024,03:31:54.53125,0.0
2-Feb-2024,11:22:18.09375,0.0
2-Feb-2024,19:12:40.5625,0.0
3-Feb-2024,03:03:04.53125,0.0
3-Feb-2024,10:53:27.9375,0.0
3-Feb-2024,18:43:52.875,0.0
4-Feb-2024,02:34:13.1875,0.0
4-Feb-2024,10:24:37.09375,0.0
4-Feb-2024,18:15:04.625,0.0
5-Feb-2024,02:05:29.9375,0.0
5-Feb-2024,09:55:53.28125,0.0
5-Feb-2024,17:46:12.53125,0.0
6-Feb-2024,01:36:38.375,0.0
6-Feb-2024,09:27:06.40625,0.0
6-Feb-2024,17:17:31.59375,0.0
7-Feb-2024,01:07:56.375,0.0
7-Feb-2024,08:58:15.625,0.0
7-Feb-2024,16:48:42.21875,0.0
8-Feb-2024,00:39:06.21875,0.0
8-Feb-2024,08:29:33.84375,0.0
8-Feb-2024,16:19:49.96875,0.0
9-Feb-2024,00:10:16.625,0.0
9-Feb-2024,08:00:42.625,0.0
9-Feb-2024,15:51:06.6875,0.0
9-Feb-2024,23:41:24.28125,0.0
10-Feb-2024,07:31:55.25,0.0
10-Feb-2024,15:22:27.5,0.0
10-Feb-2024,23:12:59.4375,0.0
11-Feb-2024,07:03:28.40625,0.0
11-Feb-2024,14:54:01.3125,0.0
11-Feb-2024,22:44:34.34375,0.0
12-Feb-2024,06:35:07.8125,0.0
12-Feb-2024,14:25:35.6875,0.0
12-Feb-2024,22:16:07.59375,0.0
13-Feb-2024,06:06:39.09375,0.0
13-Feb-2024,13:57:12.375,0.0
13-Feb-2024,21:47:45.3125,0.0
14-Feb-2024,02:54:32.59375,0.0
14-Feb-2024,02:54:33.59375,0.6
14-Feb-2024,02:54:35.59375,0.0
14-Feb-2024,10:45:09.34375,0.0
14-Feb-2024,18:35:40.84375,0.0
15-Feb-2024,02:26:04.03125,0.0
15-Feb-2024,10:16:33.65625,0.0
15-Feb-2024,18:06:59.5,0.0
16-Feb-2024,01:57:28.40625,0.0
16-Feb-2024,09:48:02.1875,0.0
16-Feb-2024,17:38:32.125,0.0
17-Feb-2024,01:29:06.8125,0.0
17-Feb-2024,09:19:37.84375,0.0
17-Feb-2024,17:10:03.125,0.0
18-Feb-2024,01:00:31.1875,0.0
18-Feb-2024,08:50:57.0625,0.0
18-Feb-2024,16:41:25.71875,0.0
19-Feb-2024,00:31:58.875,0.0
19-Feb-2024,08:22:31.59375,0.0
19-Feb-2024,16:12:55.3125,0.0
20-Feb-2024,00:03:23.21875,0.0
20-Feb-2024,07:53:56.78125,0.0
20-Feb-2024,15:44:30.21875,0.0
20-Feb-2024,23:34:58.4375,0.0
21-Feb-2024,07:25:19.28125,0.0
21-Feb-2024,15:15:47.65625,0.0
21-Feb-2024,23:06:16.625,0.0
22-Feb-2024,06:56:41,0.0
22-Feb-2024,14:47:01.15625,0.0
22-Feb-2024,22:37:24.375,0.0
23-Feb-2024,06:27:48.34375,0.0
23-Feb-2024,14:18:16.15625,0.0
23-Feb-2024,22:08:43.34375,0.0
24-Feb-2024,05:59:08.4375,0.0
24-Feb-2024,13:49:43.625,0.0
24-Feb-2024,21:40:18.25,0.0
25-Feb-2024,05:30:42.65625,0.0
25-Feb-2024,13:21:02.1875,0.0
25-Feb-2024,21:11:24.21875,0.0
26-Feb-2024,05:01:50.03125,0.0
26-Feb-2024,12:52:11.65625,0.0
26-Feb-2024,20:42:37.59375,0.0
27-Feb-2024,04:33:02.15625,0.0
27-Feb-2024,12:23:31.90625,0.0
27-Feb-2024,20:14:02.6875,0.0
28-Feb-2024,04:04:38.09375,0.0
28-Feb-2024,11:55:11.46875,0.0
28-Feb-2024,19:45:44.65625,0.0
29-Feb-2024,03:36:13.4375,0.0
29-Feb-2024,11:26:46.5,0.0
29-Feb-2024,19:17:21.125,0.0
1-Mar-2024,03:07:58.125,0.0
1-Mar-2024,10:58:30.375,0.0
1-Mar-2024,18:49:04.9375,0.0
2-Mar-2024,02:39:39.96875,0.0
2-Mar-2024,10:30:12.3125,0.0
2-Mar-2024,18:20:28.46875,0.0
3-Mar-2024,02:10:55.53125,0.0
3-Mar-2024,10:01:22.28125,0.0
3-Mar-2024,17:51:45.625,0.0
4-Mar-2024,01:42:04.3125,0.0
4-Mar-2024,09:32:26.90625,0.0
4-Mar-2024,17:22:52.09375,0.0
5-Mar-2024,01:13:13,0.0
5-Mar-2024,09:03:37.03125,0.0
5-Mar-2024,16:53:57.96875,0.0
6-Mar-2024,00:44:21.15625,0.0
6-Mar-2024,08:34:47.03125,0.0
6-Mar-2024,16:25:18.78125,0.0
7-Mar-2024,00:15:36.75,0.0
7-Mar-2024,08:05:59.3125,0.0
7-Mar-2024,15:56:24.5625,0.0
7-Mar-2024,23:46:52.3125,0.0
8-Mar-2024,07:37:14.40625,0.0
8-Mar-2024,15:27:36.96875,0.0
8-Mar-2024,23:17:56.15625,0.0
9-Mar-2024,07:08:21.34375,0.0
9-Mar-2024,14:58:47.90625,0.0
9-Mar-2024,22:49:13.625,0.0
10-Mar-2024,07:39:36.21875,0.0
10-Mar-2024,15:29:58.84375,0.0
10-Mar-2024,23:20:23.34375,0.0
11-Mar-2024,07:10:49.40625,0.0
11-Mar-2024,15:01:15.15625,0.0
11-Mar-2024,22:51:34.46875,0.0
12-Mar-2024,06:41:56.3125,0.0
12-Mar-2024,14:32:20.03125,0.0
12-Mar-2024,22:22:48.09375,0.0
13-Mar-2024,06:13:13.40625,0.0
13-Mar-2024,14:03:38.75,0.0
13-Mar-2024,21:53:58.59375,0.0
14-Mar-2024,05:44:26.5625,0.0
14-Mar-2024,13:34:52.4375,0.0
14-Mar-2024,19:53:03.5625,0.0
14-Mar-2024,19:53:58.71875,Bad
14-Mar-2024,20:03:02.90625,0.0
15-Mar-2024,03:53:29.78125,0.0
15-Mar-2024,11:43:52.6875,0.0
15-Mar-2024,19:34:19.5625,0.0
16-Mar-2024,03:24:43.375,0.0
16-Mar-2024,11:15:10.125,0.0
16-Mar-2024,19:05:35.65625,0.0
17-Mar-2024,02:55:59.4375,0.0
17-Mar-2024,10:46:25.625,0.0
17-Mar-2024,18:36:48.90625,0.0
18-Mar-2024,02:27:08.65625,0.0
18-Mar-2024,10:17:31.125,0.0
18-Mar-2024,18:07:53.625,0.0
19-Mar-2024,01:58:20.1875,0.0
19-Mar-2024,09:48:39.65625,0.0
19-Mar-2024,17:39:08.84375,0.0
20-Mar-2024,01:29:43.25,0.0
20-Mar-2024,09:20:14.8125,0.0
20-Mar-2024,17:10:39.84375,0.0
21-Mar-2024,01:01:14.71875,0.0
21-Mar-2024,08:51:45.03125,0.0
21-Mar-2024,16:42:15.03125,0.0
22-Mar-2024,00:32:43.40625,0.0
22-Mar-2024,04:26:58.90625,0.0
22-Mar-2024,04:26:59.90625,0.3
22-Mar-2024,04:27:00.90625,1.2
22-Mar-2024,04:27:02.90625,0.0
22-Mar-2024,12:17:33.0625,0.0
22-Mar-2024,20:08:05.78125,0.0
23-Mar-2024,03:58:36.9375,0.0
23-Mar-2024,11:28:55.78125,0.0
23-Mar-2024,19:19:21.71875,0.0
24-Mar-2024,03:09:47.8125,0.0
24-Mar-2024,11:00:11.9375,0.0
24-Mar-2024,18:50:31.90625,0.0
25-Mar-2024,02:40:58.28125,0.0
25-Mar-2024,10:31:26.125,0.0
25-Mar-2024,18:21:50.5,0.0
26-Mar-2024,02:12:12.25,0.0
26-Mar-2024,10:02:38.875,0.0
26-Mar-2024,17:53:05.9375,0.0
27-Mar-2024,01:43:33.28125,0.0
27-Mar-2024,09:34:00.09375,0.0
27-Mar-2024,17:24:20.46875,0.0
28-Mar-2024,01:14:46.34375,0.0
28-Mar-2024,03:09:13.125,0.0
28-Mar-2024,10:59:36.15625,0.0
28-Mar-2024,18:50:04.4375,0.0
29-Mar-2024,02:40:28.5,0.0
29-Mar-2024,10:30:49.3125,0.0
