Date,Time,T3_PTVIB_A
23-Apr-2023,21:58:15.88995,4.9
24-Apr-2023,05:48:56.85542,5.2
24-Apr-2023,13:39:37.8159,4.9
24-Apr-2023,21:30:19.73822,4.9
25-Apr-2023,05:21:01.68254,5.0
25-Apr-2023,13:11:43.60486,5.1
25-Apr-2023,21:02:25.5282,4.9
26-Apr-2023,04:53:07.46651,5.5
26-Apr-2023,12:43:47.16518,4.5
26-Apr-2023,20:34:28.46559,5.4
27-Apr-2023,04:25:10.41292,5.4
27-Apr-2023,12:15:52.36923,4.8
27-Apr-2023,20:06:34.32356,5.0
28-Apr-2023,04:01:55.91708,0.7
28-Apr-2023,11:52:37.8674,0.9
28-Apr-2023,19:43:19.82173,0.8
29-Apr-2023,03:34:01.13315,0.7
29-Apr-2023,11:24:41.78667,0.8
29-Apr-2023,19:15:23.72598,0.8
30-Apr-2023,03:06:04.71245,0.7
30-Apr-2023,10:56:44.72307,0.7
30-Apr-2023,18:47:25.37059,0.7
1-May-2023,02:38:07.33391,0.7
1-May-2023,10:28:49.28323,0.8
1-May-2023,18:19:30.59265,0.8
2-May-2023,02:10:11.58412,0.8
2-May-2023,10:00:52.23663,0.7
2-May-2023,17:51:33.2211,0.8
3-May-2023,01:42:15.15843,0.7
3-May-2023,09:32:57.07875,0.8
3-May-2023,17:23:38.99907,0.8
4-May-2023,01:14:20.9234,0.7
4-May-2023,09:05:01.58691,0.8
4-May-2023,16:55:42.90033,0.7
5-May-2023,00:46:23.56885,0.8
5-May-2023,08:37:05.52017,0.7
5-May-2023,16:27:46.48465,0.8
6-May-2023,00:18:28.41797,0.7
6-May-2023,08:09:10.35829,0.7
6-May-2023,15:59:52.28162,0.8
6-May-2023,23:50:34.21494,0.7
7-May-2023,07:41:14.23155,0.7
7-May-2023,15:31:55.84892,0.8
7-May-2023,23:22:36.83139,0.8
8-May-2023,07:13:17.81985,0.7
8-May-2023,15:03:59.74318,0.7
8-May-2023,22:54:40.3907,0.7
9-May-2023,06:45:21.36217,0.8
9-May-2023,14:36:02.34264,0.7
9-May-2023,22:26:43.32611,0.7
10-May-2023,06:17:25.26543,0.7
10-May-2023,14:08:07.20276,0.8
10-May-2023,21:58:49.14908,0.8
11-May-2023,05:49:29.80859,0.7
11-May-2023,13:40:10.77307,0.7
11-May-2023,21:30:52.70639,0.7
12-May-2023,05:21:34.62971,0.8
12-May-2023,13:12:14.31438,0.8
12-May-2023,21:02:55.28685,0.7
13-May-2023,03:43:30.84784,0.7
16-May-2023,00:10:02.41916,0.6
16-May-2023,00:11:05.12958,0.8
16-May-2023,00:11:08.32909,0.6
16-May-2023,00:21:08.23428,0.6
16-May-2023,00:21:09.51408,0.8
16-May-2023,00:31:09.41928,0.8
16-May-2023,00:31:10.37914,0.7
16-May-2023,00:41:10.28435,0.7
16-May-2023,00:41:11.24419,0.8
16-May-2023,00:51:11.1494,0.7
16-May-2023,00:51:12.10925,0.8
16-May-2023,01:01:12.01544,0.6
16-May-2023,01:01:13.29526,0.8
16-May-2023,01:11:13.20045,0.8
16-May-2023,01:11:13.84035,0.7
16-May-2023,01:21:13.74556,0.7
16-May-2023,01:21:14.70541,0.8
16-May-2023,01:31:14.61061,0.6
16-May-2023,01:31:15.89041,0.8
16-May-2023,01:41:15.79561,0.8
16-May-2023,01:41:16.43651,0.8
16-May-2023,01:51:16.34172,0.8
16-May-2023,01:51:17.62152,0.7
16-May-2023,02:01:17.52672,0.7
16-May-2023,02:01:18.48657,0.7
16-May-2023,02:11:18.39177,0.8
16-May-2023,02:11:19.35162,0.6
16-May-2023,02:21:19.25682,0.7
16-May-2023,02:21:20.21667,0.8
16-May-2023,02:31:20.12288,0.7
16-May-2023,02:31:21.40268,0.8
16-May-2023,02:41:20.66798,0.8
16-May-2023,02:41:21.94778,0.8
16-May-2023,02:51:21.85298,0.8
16-May-2023,02:51:22.81284,0.8
16-May-2023,03:01:22.71803,0.8
16-May-2023,03:01:23.67789,0.7
16-May-2023,03:11:23.58409,0.7
16-May-2023,03:11:24.54295,0.7
16-May-2023,03:21:24.44914,0.8
16-May-2023,03:21:25.72896,0.8
16-May-2023,03:31:25.63416,0.6
16-May-2023,03:31:26.27405,0.7
16-May-2023,03:41:26.17926,0.7
16-May-2023,03:41:27.13911,0.7
16-May-2023,03:51:27.0453,0.6
16-May-2023,11:42:10.27943,0.7
16-May-2023,19:32:52.21176,0.8
17-May-2023,03:23:32.87827,0.8
17-May-2023,11:14:14.8326,0.7
17-May-2023,19:04:56.78992,0.8
18-May-2023,02:55:38.74823,0.8
18-May-2023,10:46:19.7287,0.7
18-May-2023,18:37:01.67702,0.7
19-May-2023,02:27:43.63934,0.7
19-May-2023,10:18:25.58566,0.8
19-May-2023,18:09:07.53098,0.7
20-May-2023,01:59:47.23064,0.8
20-May-2023,09:50:29.17897,0.6
20-May-2023,17:41:11.11229,0.6
21-May-2023,01:31:52.09576,0.7
21-May-2023,09:22:33.09723,0.7
21-May-2023,17:13:15.04654,0.7
22-May-2023,01:03:56.99586,0.7
22-May-2023,08:54:38.96017,0.8
22-May-2023,16:45:20.9055,0.7
23-May-2023,00:36:00.94112,0.7
23-May-2023,08:26:42.88844,0.7
23-May-2023,16:17:23.53296,0.7
24-May-2023,00:08:04.50743,0.7
24-May-2023,07:58:45.18394,0.7
24-May-2023,15:49:26.49435,0.7
24-May-2023,23:40:07.16087,0.7
25-May-2023,07:30:48.16034,0.8
25-May-2023,15:21:28.19595,0.7
25-May-2023,23:12:10.14027,0.7
26-May-2023,07:02:52.1026,0.7
26-May-2023,14:53:34.06091,0.8
26-May-2023,22:44:16.01224,0.7
27-May-2023,06:34:56.70175,0.7
27-May-2023,14:25:38.02916,0.7
27-May-2023,22:16:19.98248,0.7
28-May-2023,06:07:00.658,0.7
28-May-2023,13:57:41.65347,0.7
28-May-2023,21:48:23.60979,0.8
29-May-2023,05:39:05.56911,0.7
29-May-2023,13:29:46.55557,0.7
29-May-2023,21:20:28.82484,0.7
30-May-2023,05:11:10.44821,0.7
30-May-2023,13:01:51.42769,0.7
30-May-2023,20:52:31.44431,0.7
31-May-2023,04:43:13.39262,0.7
31-May-2023,12:33:55.33194,1.1
31-May-2023,20:24:37.28226,0.7
1-Jun-2023,04:15:17.00493,0.7
1-Jun-2023,12:05:58.95924,0.7
1-Jun-2023,19:56:40.26767,0.8
2-Jun-2023,03:47:22.22998,0.7
2-Jun-2023,11:38:02.9075,0.7
2-Jun-2023,19:28:44.21692,0.7
3-Jun-2023,03:19:23.29868,0.7
3-Jun-2023,11:10:03.9632,0.7
3-Jun-2023,19:00:45.90552,0.7
4-Jun-2023,02:51:26.58403,0.8
4-Jun-2023,10:42:07.89244,0.8
4-Jun-2023,18:32:49.84076,0.8
5-Jun-2023,02:23:31.79408,0.8
5-Jun-2023,10:14:11.49475,0.8
5-Jun-2023,18:04:53.44907,0.7
6-Jun-2023,01:55:35.4054,0.8
6-Jun-2023,09:46:16.70581,0.7
6-Jun-2023,17:36:57.36034,0.8
7-Jun-2023,01:27:38.3578,0.7
7-Jun-2023,09:18:20.29611,0.8
7-Jun-2023,17:09:02.24644,0.8
8-Jun-2023,00:59:43.23291,0.8
8-Jun-2023,08:50:22.93257,0.8
8-Jun-2023,16:41:04.24098,0.7
9-Jun-2023,00:31:44.92151,0.7
9-Jun-2023,08:22:26.22092,0.8
9-Jun-2023,16:13:08.16025,0.7
10-Jun-2023,00:03:50.10757,0.8
10-Jun-2023,07:54:29.83423,0.8
10-Jun-2023,15:45:09.85684,0.7
10-Jun-2023,23:35:50.84232,0.7
11-Jun-2023,07:26:31.82079,0.7
11-Jun-2023,15:17:12.80025,0.7
11-Jun-2023,23:07:52.83186,0.7
12-Jun-2023,06:58:34.77118,0.7
12-Jun-2023,14:49:16.7115,0.8
12-Jun-2023,22:39:58.65982,0.7
13-Jun-2023,06:30:39.6523,0.8
13-Jun-2023,14:21:21.59862,0.8
13-Jun-2023,22:12:03.53593,0.7
14-Jun-2023,06:02:44.19846,0.7
14-Jun-2023,13:53:26.14278,0.7
14-Jun-2023,21:44:08.1001,0.7
15-Jun-2023,05:34:50.04042,0.7
15-Jun-2023,13:25:30.06003,0.8
15-Jun-2023,21:16:12.00836,0.7
16-Jun-2023,05:06:53.94768,0.8
16-Jun-2023,12:57:35.89,0.7
16-Jun-2023,20:48:17.82332,0.9
17-Jun-2023,04:38:59.76065,0.6
17-Jun-2023,12:29:41.70097,0.7
17-Jun-2023,20:20:23.63429,0.6
18-Jun-2023,04:11:04.60776,0.7
18-Jun-2023,12:01:44.63338,0.7
18-Jun-2023,19:52:26.5687,0.8
19-Jun-2023,03:43:08.49503,0.8
19-Jun-2023,11:33:49.49149,0.7
19-Jun-2023,19:24:30.48495,0.8
20-Jun-2023,03:15:10.20062,0.8
20-Jun-2023,11:05:52.15094,0.7
20-Jun-2023,18:56:34.09926,0.7
21-Jun-2023,02:47:16.04558,0.7
21-Jun-2023,10:37:57.35699,0.7
21-Jun-2023,18:28:39.30331,0.7
22-Jun-2023,02:19:21.25664,0.7
22-Jun-2023,10:10:01.93216,0.7
22-Jun-2023,18:00:43.88248,0.7
23-Jun-2023,01:51:24.87193,0.8
23-Jun-2023,09:42:06.79427,0.7
23-Jun-2023,17:32:46.82687,0.9
24-Jun-2023,01:23:26.86049,0.7
24-Jun-2023,09:14:07.533,0.8
24-Jun-2023,17:04:48.50548,0.7
25-Jun-2023,00:55:30.4478,0.8
25-Jun-2023,08:46:12.38412,0.9
25-Jun-2023,16:36:53.68254,0.8
26-Jun-2023,00:27:34.34906,0.9
26-Jun-2023,08:18:16.30638,0.8
26-Jun-2023,16:08:58.2477,0.7
26-Jun-2023,23:59:39.22517,0.7
27-Jun-2023,07:50:20.19464,0.8
27-Jun-2023,15:41:02.12497,0.7
27-Jun-2023,23:31:44.05528,0.8
28-Jun-2023,07:22:25.98161,0.7
28-Jun-2023,15:13:06.95409,0.7
28-Jun-2023,23:03:48.8864,0.8
29-Jun-2023,06:54:30.81473,0.7
29-Jun-2023,14:45:12.75806,0.6
29-Jun-2023,22:35:53.42557,0.7
30-Jun-2023,06:26:35.37589,0.7
30-Jun-2023,14:17:17.34421,0.8
30-Jun-2023,22:07:59.30952,0.7
1-Jul-2023,05:58:41.27184,0.8
1-Jul-2023,13:49:22.59026,0.7
1-Jul-2023,21:40:03.27177,0.9
2-Jul-2023,05:30:44.27425,0.7
2-Jul-2023,13:21:24.31485,0.7
2-Jul-2023,21:12:06.27417,0.7
3-Jul-2023,05:02:48.2235,0.8
3-Jul-2023,12:53:30.18481,0.7
3-Jul-2023,20:44:12.14613,0.7
4-Jul-2023,04:34:53.46054,0.7
4-Jul-2023,12:25:35.39487,0.7
4-Jul-2023,20:16:17.3382,0.7
5-Jul-2023,04:06:59.28252,0.8
5-Jul-2023,11:57:41.23782,0.8
5-Jul-2023,19:48:21.90234,0.8
6-Jul-2023,03:39:03.84767,0.7
6-Jul-2023,11:29:44.85214,0.7
6-Jul-2023,19:20:25.8586,0.7
7-Jul-2023,03:11:07.80392,0.7
7-Jul-2023,11:01:49.75525,0.7
7-Jul-2023,18:52:30.74571,0.7
8-Jul-2023,02:43:11.42223,0.7
8-Jul-2023,10:33:52.74564,0.7
8-Jul-2023,18:24:34.70096,0.7
9-Jul-2023,02:15:15.68044,0.7
9-Jul-2023,10:05:57.64474,0.8
9-Jul-2023,17:56:38.33325,0.8
10-Jul-2023,01:47:20.29358,0.7
10-Jul-2023,09:38:02.25589,0.7
10-Jul-2023,17:28:43.56131,0.7
11-Jul-2023,01:19:23.27397,0.7
11-Jul-2023,09:10:04.27644,0.7
11-Jul-2023,17:00:46.23276,0.7
12-Jul-2023,00:51:27.23323,0.8
12-Jul-2023,08:42:09.17854,0.8
12-Jul-2023,16:32:51.14087,0.7
12-Jul-2023,23:58:53.33063,3.9
13-Jul-2023,07:58:02.09039,0.7
13-Jul-2023,15:48:43.41582,0.7
13-Jul-2023,23:39:24.09433,0.8
14-Jul-2023,07:30:05.0898,0.7
14-Jul-2023,15:20:46.09126,0.8
14-Jul-2023,23:11:28.04457,0.7
15-Jul-2023,07:02:09.04404,0.7
15-Jul-2023,14:52:51.00636,0.7
15-Jul-2023,22:43:31.67787,0.8
16-Jul-2023,06:34:11.72449,0.8
16-Jul-2023,14:24:53.6998,0.8
16-Jul-2023,22:15:35.66212,0.7
17-Jul-2023,06:06:17.59845,0.7
17-Jul-2023,13:56:59.54677,0.7
17-Jul-2023,21:47:41.52309,0.7
18-Jul-2023,05:38:22.54955,0.7
18-Jul-2023,13:29:03.58101,0.7
18-Jul-2023,21:19:44.60246,0.7
19-Jul-2023,05:10:25.30798,0.6
19-Jul-2023,13:01:06.66139,0.8
19-Jul-2023,20:51:48.64471,0.7
20-Jul-2023,04:42:30.63303,0.7
20-Jul-2023,12:33:12.62834,0.7
20-Jul-2023,20:23:53.33385,0.8
21-Jul-2023,04:14:35.32016,0.8
21-Jul-2023,12:05:17.31548,0.8
21-Jul-2023,19:55:59.3028,0.7
22-Jul-2023,03:46:41.28911,0.7
22-Jul-2023,11:37:23.28542,0.7
22-Jul-2023,19:28:05.27773,1.0
23-Jul-2023,03:18:46.62915,0.8
23-Jul-2023,11:09:28.62346,0.7
23-Jul-2023,19:00:10.60977,0.7
24-Jul-2023,02:50:51.31828,0.7
24-Jul-2023,10:41:32.67569,0.7
24-Jul-2023,18:32:13.3932,0.6
25-Jul-2023,02:22:54.42467,0.8
25-Jul-2023,10:13:36.42497,0.8
25-Jul-2023,18:04:17.77438,0.7
26-Jul-2023,01:54:58.4859,0.7
26-Jul-2023,09:45:40.48421,0.7
26-Jul-2023,17:36:22.46153,0.7
27-Jul-2023,01:27:04.44785,0.7
27-Jul-2023,09:17:45.4803,0.7
27-Jul-2023,17:08:27.45862,0.8
28-Jul-2023,00:59:09.43893,0.7
28-Jul-2023,08:49:50.4604,0.8
28-Jul-2023,16:40:31.46986,0.9
29-Jul-2023,00:31:13.44818,0.7
29-Jul-2023,08:21:53.50679,0.7
29-Jul-2023,16:12:35.4841,0.7
30-Jul-2023,00:03:15.21976,0.7
30-Jul-2023,07:53:55.27837,0.8
30-Jul-2023,15:44:37.25868,0.7
30-Jul-2023,23:35:19.244,0.6
31-Jul-2023,07:26:01.23532,0.7
31-Jul-2023,15:16:43.21863,0.8
31-Jul-2023,23:07:24.864,0.7
1-Aug-2023,06:58:06.83531,0.7
1-Aug-2023,14:48:48.16774,0.7
1-Aug-2023,22:39:30.14105,0.7
2-Aug-2023,06:30:10.84656,0.8
2-Aug-2023,14:20:52.81987,0.7
2-Aug-2023,22:11:34.7822,0.8
3-Aug-2023,06:02:15.78366,0.6
3-Aug-2023,13:52:57.75697,0.6
3-Aug-2023,21:43:39.09239,0.7
4-Aug-2023,05:34:21.0697,0.7
4-Aug-2023,13:25:00.81537,0.7
4-Aug-2023,21:15:42.80069,0.7
5-Aug-2023,05:06:24.786,0.7
5-Aug-2023,12:57:06.77332,0.7
5-Aug-2023,20:47:48.75363,0.7
6-Aug-2023,04:38:29.77409,0.7
6-Aug-2023,12:29:09.52075,0.6
6-Aug-2023,20:19:48.6185,0.8
7-Aug-2023,04:10:30.59882,0.8
7-Aug-2023,12:01:12.58914,0.7
7-Aug-2023,19:51:53.28964,0.6
8-Aug-2023,03:42:35.25597,0.7
8-Aug-2023,11:33:17.23228,0.8
8-Aug-2023,19:23:58.55969,0.8
9-Aug-2023,03:14:40.52802,0.8
9-Aug-2023,11:05:22.50433,0.8
9-Aug-2023,18:56:04.47665,0.8
10-Aug-2023,02:46:45.48611,0.7
10-Aug-2023,10:37:26.18362,0.7
10-Aug-2023,18:28:08.15694,0.7
10-Aug-2023,22:30:59.62917,2.1
11-Aug-2023,06:21:40.64262,0.8
11-Aug-2023,14:12:21.6561,0.8
11-Aug-2023,22:03:03.63341,0.8
12-Aug-2023,05:53:44.64487,0.7
12-Aug-2023,13:44:25.34038,0.7
12-Aug-2023,21:35:07.30971,0.8
13-Aug-2023,05:25:48.64711,0.7
13-Aug-2023,13:16:28.38977,0.8
13-Aug-2023,21:07:10.36809,0.7
14-Aug-2023,04:57:51.7095,0.8
14-Aug-2023,12:48:33.69283,0.8
14-Aug-2023,20:39:14.39034,0.8
15-Aug-2023,04:29:56.36964,0.7
15-Aug-2023,12:20:37.39511,0.8
15-Aug-2023,20:11:19.37442,0.8
16-Aug-2023,04:02:00.39288,0.8
16-Aug-2023,11:52:42.3782,0.7
16-Aug-2023,19:43:24.35652,0.7
17-Aug-2023,03:34:05.37598,0.8
17-Aug-2023,11:24:47.3593,0.7
17-Aug-2023,19:15:28.37675,0.7
18-Aug-2023,03:06:09.39322,0.7
18-Aug-2023,10:56:50.08774,0.7
18-Aug-2023,18:47:32.05806,0.7
19-Aug-2023,02:38:13.07051,0.7
19-Aug-2023,10:28:55.04384,0.7
19-Aug-2023,18:19:37.00015,0.6
20-Aug-2023,02:10:18.96747,0.7
20-Aug-2023,10:01:00.94479,0.7
20-Aug-2023,17:51:42.2762,0.7
21-Aug-2023,01:42:22.96872,0.7
21-Aug-2023,09:33:04.94203,0.7
21-Aug-2023,17:23:45.94949,0.7
22-Aug-2023,01:14:26.00011,0.7
22-Aug-2023,09:05:07.97743,0.7
22-Aug-2023,16:55:49.95074,0.7
23-Aug-2023,00:46:29.99036,0.7
23-Aug-2023,08:37:11.95767,0.7
23-Aug-2023,16:27:53.924,0.8
24-Aug-2023,00:18:35.89331,0.7
24-Aug-2023,08:09:17.87163,0.7
24-Aug-2023,15:59:58.57013,0.6
24-Aug-2023,23:50:40.55246,0.7
25-Aug-2023,07:41:21.57091,0.7
25-Aug-2023,15:32:01.62953,0.6
25-Aug-2023,23:22:41.68513,0.7
26-Aug-2023,07:13:22.70461,0.8
26-Aug-2023,15:04:02.76421,0.8
26-Aug-2023,22:54:43.46371,0.7
27-Aug-2023,06:45:25.44504,0.8
27-Aug-2023,14:36:06.46649,0.8
27-Aug-2023,22:26:48.44781,0.6
28-Aug-2023,06:17:30.42413,0.7
28-Aug-2023,14:08:12.40245,0.8
28-Aug-2023,21:58:53.72887,0.7
29-Aug-2023,05:49:33.46552,0.7
29-Aug-2023,13:40:15.44484,0.7
29-Aug-2023,21:30:56.4543,0.7
30-Aug-2023,05:21:38.10266,0.6
30-Aug-2023,13:12:18.15527,0.7
30-Aug-2023,21:02:59.4827,0.8
31-Aug-2023,04:53:41.13007,0.8
31-Aug-2023,12:44:23.10338,0.7
31-Aug-2023,20:35:04.11084,0.7
1-Sep-2023,04:25:45.1183,0.7
1-Sep-2023,12:16:27.09163,0.6
1-Sep-2023,20:07:09.04794,0.7
2-Sep-2023,03:57:49.73245,0.7
2-Sep-2023,11:48:31.71277,0.7
2-Sep-2023,19:39:13.68709,0.8
3-Sep-2023,03:29:55.66341,0.7
3-Sep-2023,11:20:37.64372,0.7
3-Sep-2023,19:11:18.6442,0.6
4-Sep-2023,03:02:00.6205,0.7
4-Sep-2023,10:52:41.32301,0.8
4-Sep-2023,18:43:23.29633,0.7
5-Sep-2023,02:34:05.27065,0.7
5-Sep-2023,10:24:47.24597,0.7
5-Sep-2023,18:15:29.21729,0.7
6-Sep-2023,02:06:11.18359,0.8
6-Sep-2023,09:56:51.23421,0.8
6-Sep-2023,17:47:33.20354,0.6
7-Sep-2023,01:38:14.22099,0.7
7-Sep-2023,09:28:54.9395,0.6
7-Sep-2023,17:19:36.93782,0.6
8-Sep-2023,01:10:16.38152,0.8
8-Sep-2023,09:00:58.38083,0.7
8-Sep-2023,16:51:39.09734,0.7
9-Sep-2023,00:42:21.08966,0.7
9-Sep-2023,08:33:01.48322,0.8
9-Sep-2023,16:23:42.19772,0.8
10-Sep-2023,00:14:24.18604,0.7
10-Sep-2023,08:05:06.17935,0.7
10-Sep-2023,15:55:48.17667,0.9
10-Sep-2023,23:46:30.16599,0.8
11-Sep-2023,07:37:12.15729,0.6
11-Sep-2023,15:27:54.15161,0.6
11-Sep-2023,23:18:34.86111,0.8
12-Sep-2023,07:09:16.85243,0.7
12-Sep-2023,14:59:58.85074,0.8
12-Sep-2023,22:50:40.20616,0.7
13-Sep-2023,06:41:45.23694,3.9
13-Sep-2023,14:40:54.0367,4.7
13-Sep-2023,22:31:34.1123,3.9
14-Sep-2023,06:22:15.14977,4.8
14-Sep-2023,14:12:55.87029,4.2
14-Sep-2023,22:03:37.85959,4.2
15-Sep-2023,05:54:19.85591,5.1
15-Sep-2023,13:45:01.86322,5.0
15-Sep-2023,21:35:42.57674,4.7
16-Sep-2023,05:26:23.93314,5.1
16-Sep-2023,13:17:05.94044,5.2
16-Sep-2023,21:07:46.98392,5.0
17-Sep-2023,04:58:27.71141,5.2
17-Sep-2023,12:49:07.16612,5.4
17-Sep-2023,20:39:47.89363,5.2
17-Sep-2023,22:10:56.16086,4.3
17-Sep-2023,22:10:56.16086,Bad
17-Sep-2023,22:57:30.60524,1.0
18-Sep-2023,06:54:37.47966,4.9
18-Sep-2023,14:45:19.76393,6.7
18-Sep-2023,22:36:01.3963,5.0
19-Sep-2023,06:26:43.66957,5.3
19-Sep-2023,14:17:24.34508,5.3
19-Sep-2023,22:08:06.2984,4.8
20-Sep-2023,05:58:48.24072,5.4
20-Sep-2023,13:49:30.18504,5.6
20-Sep-2023,21:40:12.13837,4.5
21-Sep-2023,05:30:54.10168,4.9
21-Sep-2023,13:21:36.05101,5.4
21-Sep-2023,21:12:16.73552,5.1
22-Sep-2023,05:02:58.68285,5.0
22-Sep-2023,12:53:40.63416,5.2
22-Sep-2023,20:44:22.59848,5.0
23-Sep-2023,04:35:03.9039,4.9
23-Sep-2023,12:25:43.60956,5.7
23-Sep-2023,20:16:24.60803,5.3
24-Sep-2023,04:07:05.59149,5.2
24-Sep-2023,11:57:47.53482,5.3
24-Sep-2023,19:48:29.49014,5.5
25-Sep-2023,03:39:11.43446,5.3
25-Sep-2023,11:29:53.38678,5.0
25-Sep-2023,19:20:34.05429,4.8
26-Sep-2023,03:11:15.03476,5.6
26-Sep-2023,11:01:56.97308,5.8
26-Sep-2023,18:52:37.94655,4.5
27-Sep-2023,02:43:19.87988,5.6
27-Sep-2023,10:33:59.57555,4.9
27-Sep-2023,18:24:41.51086,4.5
28-Sep-2023,02:15:23.45518,4.8
28-Sep-2023,10:06:05.39851,4.4
28-Sep-2023,17:56:47.33983,4.1
29-Sep-2023,01:47:28.64725,5.7
29-Sep-2023,09:38:10.59457,5.2
29-Sep-2023,17:28:52.56088,6.0
30-Sep-2023,01:19:34.51021,5.7
30-Sep-2023,09:10:16.45354,5.9
30-Sep-2023,17:00:58.41185,6.3
1-Oct-2023,00:51:40.36217,5.0
1-Oct-2023,08:42:21.98454,5.7
1-Oct-2023,16:33:02.97401,6.1
2-Oct-2023,00:23:43.96848,4.7
2-Oct-2023,08:14:24.96594,5.6
2-Oct-2023,16:05:05.9734,5.9
2-Oct-2023,23:55:46.65591,5.4
3-Oct-2023,07:46:28.61523,5.8
3-Oct-2023,15:37:10.56956,5.7
3-Oct-2023,23:27:52.51888,5.9
4-Oct-2023,07:18:33.8383,6.1
4-Oct-2023,15:09:15.47467,6.2
4-Oct-2023,22:59:57.42499,5.4
5-Oct-2023,05:20:31.27187,5.5
2-Nov-2023,04:18:07.26355,0.7
2-Nov-2023,04:19:12.53357,0.7
2-Nov-2023,04:19:15.73308,0.7
2-Nov-2023,04:29:14.67943,0.7
2-Nov-2023,04:29:15.95923,0.7
2-Nov-2023,04:39:15.86443,0.7
2-Nov-2023,04:39:16.50433,0.6
2-Nov-2023,04:49:16.41052,0.7
2-Nov-2023,04:49:17.69034,0.7
2-Nov-2023,04:59:17.59653,0.7
2-Nov-2023,04:59:18.55638,0.7
2-Nov-2023,05:09:18.46159,0.7
2-Nov-2023,05:09:19.42143,0.7
2-Nov-2023,05:19:19.32764,0.7
2-Nov-2023,05:19:20.28749,0.7
2-Nov-2023,05:29:20.1937,0.8
2-Nov-2023,05:29:21.4735,0.7
2-Nov-2023,05:39:21.37869,0.7
2-Nov-2023,05:39:22.01961,0.7
2-Nov-2023,05:49:21.9248,0.7
2-Nov-2023,05:49:22.88466,0.7
2-Nov-2023,05:59:22.79085,0.7
2-Nov-2023,05:59:24.07066,0.7
2-Nov-2023,06:09:23.97685,0.7
2-Nov-2023,06:09:24.61676,0.8
2-Nov-2023,06:19:24.52196,0.7
2-Nov-2023,06:19:25.80177,0.9
2-Nov-2023,06:29:25.70796,0.8
2-Nov-2023,06:29:26.66782,0.7
2-Nov-2023,06:39:26.57402,0.7
2-Nov-2023,06:39:27.21393,0.7
2-Nov-2023,06:49:27.12012,0.7
2-Nov-2023,06:49:28.39993,0.7
2-Nov-2023,06:59:28.30513,0.7
2-Nov-2023,06:59:29.26498,0.7
2-Nov-2023,07:09:29.17117,0.7
2-Nov-2023,07:09:30.13103,0.7
2-Nov-2023,07:19:30.03723,0.7
2-Nov-2023,07:19:30.99709,0.7
2-Nov-2023,07:29:30.90228,0.7
2-Nov-2023,07:29:32.18208,0.7
2-Nov-2023,07:39:32.08829,0.7
2-Nov-2023,07:39:32.7282,0.7
2-Nov-2023,07:49:32.6344,0.6
2-Nov-2023,07:49:33.59425,0.7
2-Nov-2023,07:59:33.49945,0.7
2-Nov-2023,07:59:34.77925,0.7
2-Nov-2023,08:09:34.68546,0.7
2-Nov-2023,08:09:35.32535,0.7
2-Nov-2023,08:19:35.23155,0.7
2-Nov-2023,08:19:36.51135,0.7
2-Nov-2023,08:29:36.41656,0.7
2-Nov-2023,08:29:37.37642,0.7
2-Nov-2023,08:39:36.96266,0.7
2-Nov-2023,16:30:18.91998,0.7
3-Nov-2023,00:21:00.86729,0.7
3-Nov-2023,08:11:42.19171,0.7
3-Nov-2023,16:02:23.83209,0.7
3-Nov-2023,23:53:04.83156,0.7
4-Nov-2023,07:43:46.79086,0.7
4-Nov-2023,15:34:27.46039,0.7
4-Nov-2023,23:25:08.78081,0.7
5-Nov-2023,06:15:49.46931,0.7
5-Nov-2023,14:06:30.46678,0.7
5-Nov-2023,21:57:10.17744,0.7
6-Nov-2023,05:47:51.51086,0.7
6-Nov-2023,13:38:33.47517,0.7
6-Nov-2023,21:29:14.15669,0.8
7-Nov-2023,05:19:54.85121,0.7
7-Nov-2023,13:10:36.82652,0.7
7-Nov-2023,21:01:18.14894,0.7
8-Nov-2023,04:52:00.10526,0.7
8-Nov-2023,12:42:40.79578,0.7
8-Nov-2023,20:33:23.07504,0.6
9-Nov-2023,04:24:05.03436,0.6
9-Nov-2023,12:14:44.76102,0.7
9-Nov-2023,20:05:27.04929,0.8
10-Nov-2023,03:56:07.7328,0.7
10-Nov-2023,11:46:48.41931,0.7
10-Nov-2023,19:37:30.70958,0.7
11-Nov-2023,03:09:10.43669,0.7
11-Nov-2023,03:09:10.43669,Bad
11-Nov-2023,03:13:26.71648,0.9
11-Nov-2023,03:25:32.36143,0.7
11-Nov-2023,03:25:32.36143,Bad
11-Nov-2023,03:30:19.67647,0.7
11-Nov-2023,11:21:01.6368,0.7
11-Nov-2023,19:11:43.60811,0.7
12-Nov-2023,03:02:25.25047,0.8
12-Nov-2023,10:53:07.21779,0.7
12-Nov-2023,18:43:47.2704,0.7
13-Nov-2023,02:34:28.60081,0.8
13-Nov-2023,10:25:10.56413,0.7
13-Nov-2023,18:15:52.53445,0.7
14-Nov-2023,02:06:32.57407,0.7
14-Nov-2023,09:57:13.25558,0.7
14-Nov-2023,17:47:54.26805,0.7
15-Nov-2023,01:38:36.22937,0.7
15-Nov-2023,09:29:18.18968,0.8
15-Nov-2023,17:19:59.21014,0.7
16-Nov-2023,01:10:41.48741,0.7
16-Nov-2023,09:01:23.44174,0.7
16-Nov-2023,16:52:01.25069,0.8
17-Nov-2023,00:42:42.89406,0.6
17-Nov-2023,08:33:24.84538,0.6
17-Nov-2023,16:24:06.17279,0.7
18-Nov-2023,00:14:46.1974,0.8
18-Nov-2023,08:05:25.90508,0.8
18-Nov-2023,15:56:08.19534,0.6
18-Nov-2023,23:46:47.90401,0.7
19-Nov-2023,07:37:28.88347,0.6
19-Nov-2023,15:28:09.57399,0.7
19-Nov-2023,23:18:51.5383,0.7
20-Nov-2023,07:09:33.49663,0.6
20-Nov-2023,15:00:15.77789,0.7
20-Nov-2023,22:50:57.72421,0.8
21-Nov-2023,06:41:37.44987,0.7
21-Nov-2023,14:32:17.46849,0.7
21-Nov-2023,22:22:59.41081,0.8
22-Nov-2023,06:13:40.40527,0.7
22-Nov-2023,14:04:21.41075,0.7
22-Nov-2023,21:55:03.04411,0.7
23-Nov-2023,05:45:44.99944,0.7
23-Nov-2023,13:36:26.94576,0.8
23-Nov-2023,21:27:08.89607,0.7
24-Nov-2023,05:17:51.16734,0.7
24-Nov-2023,13:08:31.86485,0.7
24-Nov-2023,20:59:12.85532,0.7
25-Nov-2023,04:49:55.12459,0.7
25-Nov-2023,12:40:37.07892,0.7
25-Nov-2023,20:31:16.45163,0.7
26-Nov-2023,04:21:57.74106,0.7
26-Nov-2023,12:12:39.67337,0.7
26-Nov-2023,20:03:20.3239,0.7
27-Nov-2023,03:54:02.25621,0.7
27-Nov-2023,08:06:08.82449,0.7
27-Nov-2023,08:06:12.024,0.7
27-Nov-2023,08:16:11.60925,0.7
27-Nov-2023,08:16:12.24916,0.7
27-Nov-2023,08:26:12.15436,0.7
27-Nov-2023,08:26:13.43317,0.7
27-Nov-2023,08:36:13.33836,0.6
27-Nov-2023,08:36:14.29822,0.7
27-Nov-2023,08:46:14.20341,0.7
27-Nov-2023,08:46:14.84332,0.7
27-Nov-2023,08:56:14.74852,0.7
27-Nov-2023,08:56:16.02832,0.7
27-Nov-2023,09:06:15.93353,0.7
27-Nov-2023,09:06:16.89339,0.7
27-Nov-2023,09:16:16.79858,0.7
27-Nov-2023,09:16:17.75844,0.7
27-Nov-2023,09:26:17.66364,0.7
27-Nov-2023,09:26:18.62349,0.7
27-Nov-2023,09:36:18.52869,0.7
27-Nov-2023,09:36:19.80849,0.7
27-Nov-2023,09:46:19.71368,0.7
27-Nov-2023,09:46:20.35359,0.7
27-Nov-2023,09:56:20.25879,0.8
27-Nov-2023,09:56:21.21864,0.7
27-Nov-2023,10:06:21.12285,0.7
27-Nov-2023,10:06:22.40265,0.7
27-Nov-2023,10:16:22.30785,0.7
27-Nov-2023,10:16:22.94775,0.7
27-Nov-2023,10:26:22.85295,0.8
27-Nov-2023,10:26:24.13275,0.7
27-Nov-2023,10:36:24.03796,0.6
27-Nov-2023,10:36:24.99782,0.8
27-Nov-2023,10:46:24.90302,0.7
27-Nov-2023,10:46:25.54291,0.8
27-Nov-2023,10:56:25.44812,0.7
27-Nov-2023,10:56:26.72792,0.8
27-Nov-2023,11:06:26.63312,0.7
27-Nov-2023,11:06:27.59297,0.7
27-Nov-2023,11:16:27.49817,0.9
27-Nov-2023,11:16:28.45802,0.7
27-Nov-2023,11:26:28.36322,0.7
27-Nov-2023,11:26:29.32307,0.7
27-Nov-2023,11:36:29.22829,0.8
27-Nov-2023,11:36:30.50809,0.7
27-Nov-2023,11:46:30.41328,0.8
27-Nov-2023,11:46:31.05319,0.7
27-Nov-2023,11:56:30.95738,0.7
27-Nov-2023,11:56:32.2372,0.7
27-Nov-2023,12:06:31.82245,0.7
27-Nov-2023,12:06:33.10225,0.7
27-Nov-2023,12:16:33.00745,0.7
27-Nov-2023,12:16:33.64735,0.7
27-Nov-2023,12:26:33.55255,0.7
27-Nov-2023,12:26:34.83235,0.7
27-Nov-2023,12:36:34.73755,0.7
27-Nov-2023,20:27:17.65073,0.7
28-Nov-2023,04:17:59.58905,0.7
28-Nov-2023,12:08:39.30171,1.0
28-Nov-2023,19:59:21.25504,0.7
29-Nov-2023,03:50:01.28764,0.8
29-Nov-2023,11:40:43.23996,0.7
29-Nov-2023,19:31:25.19429,0.7
30-Nov-2023,03:22:05.86481,0.8
30-Nov-2023,11:12:47.81512,0.7
30-Nov-2023,19:03:29.11655,0.9
1-Dec-2023,02:54:11.06487,0.7
1-Dec-2023,10:44:52.69423,0.8
1-Dec-2023,18:35:34.61955,0.7
2-Dec-2023,02:26:16.56088,0.7
2-Dec-2023,10:16:58.5132,0.7
2-Dec-2023,14:37:21.61235,0.7
2-Dec-2023,22:28:03.59381,0.7
3-Dec-2023,06:18:45.54413,0.8
3-Dec-2023,14:09:27.49646,0.7
3-Dec-2023,22:00:08.47592,0.7
4-Dec-2023,05:50:50.42424,0.8
4-Dec-2023,13:41:31.08977,0.7
4-Dec-2023,21:32:13.04308,0.7
5-Dec-2023,05:22:54.9944,0.8
5-Dec-2023,13:13:35.01302,0.7
5-Dec-2023,21:04:15.66754,0.7
6-Dec-2023,04:54:56.97995,0.7
6-Dec-2023,12:45:36.69962,0.7
6-Dec-2023,20:36:16.74623,0.7
7-Dec-2023,04:26:56.79384,0.7
7-Dec-2023,12:17:37.47835,0.7
7-Dec-2023,20:08:19.42567,0.7
8-Dec-2023,03:59:00.73209,0.8
8-Dec-2023,11:49:42.37946,0.7
8-Dec-2023,19:40:24.33177,0.7
9-Dec-2023,03:31:04.05943,0.7
9-Dec-2023,11:21:45.38585,0.7
9-Dec-2023,19:12:27.33818,0.7
10-Dec-2023,03:03:08.02269,0.8
10-Dec-2023,10:53:48.71021,0.7
10-Dec-2023,18:44:30.66553,0.8
11-Dec-2023,02:35:11.99094,0.8
11-Dec-2023,10:25:52.67145,0.7
11-Dec-2023,18:16:33.98387,0.7
12-Dec-2023,02:07:15.59924,0.7
12-Dec-2023,09:57:56.60771,0.7
12-Dec-2023,17:48:38.56602,0.7
13-Dec-2023,01:39:19.23454,0.8
13-Dec-2023,09:30:01.19186,0.7
13-Dec-2023,17:20:43.14818,0.8
14-Dec-2023,01:11:25.10049,0.7
14-Dec-2023,09:02:06.73787,0.7
14-Dec-2023,16:52:49.33009,0.7
15-Dec-2023,00:43:29.9976,0.7
15-Dec-2023,08:34:11.95793,0.8
15-Dec-2023,16:24:53.90926,0.7
16-Dec-2023,00:15:33.93686,0.8
16-Dec-2023,08:06:14.61038,0.8
16-Dec-2023,15:56:54.65199,0.7
16-Dec-2023,23:47:35.30251,0.7
17-Dec-2023,07:38:16.61493,0.7
17-Dec-2023,15:28:57.29344,0.7
17-Dec-2023,23:19:39.23376,0.7
18-Dec-2023,07:10:21.18509,0.7
18-Dec-2023,15:01:02.18555,0.9
18-Dec-2023,22:51:44.13187,0.8
19-Dec-2023,06:42:24.81239,0.8
19-Dec-2023,14:33:06.77571,0.9
19-Dec-2023,22:23:48.72702,0.8
20-Dec-2023,06:14:28.76164,0.8
20-Dec-2023,14:05:09.74911,0.8
20-Dec-2023,21:55:50.73558,0.7
21-Dec-2023,05:46:31.41609,0.8
21-Dec-2023,13:37:13.3804,0.7
21-Dec-2023,21:27:54.67683,0.7
22-Dec-2023,05:18:34.39349,0.6
22-Dec-2023,13:09:16.03485,0.8
22-Dec-2023,20:59:57.98718,0.7
23-Dec-2023,04:50:40.26344,0.7
23-Dec-2023,12:41:22.22676,0.7
23-Dec-2023,20:32:03.21724,0.7
24-Dec-2023,04:22:44.85361,0.8
24-Dec-2023,12:13:26.81892,0.7
24-Dec-2023,20:04:08.14233,0.8
25-Dec-2023,03:54:48.82486,0.7
25-Dec-2023,11:45:30.78217,0.8
25-Dec-2023,19:36:12.74548,0.9
26-Dec-2023,03:26:54.70981,0.7
26-Dec-2023,11:17:35.71628,0.7
26-Dec-2023,19:08:17.68259,0.7
27-Dec-2023,02:58:59.64091,0.8
27-Dec-2023,10:49:40.31842,0.7
27-Dec-2023,18:40:22.6037,0.7
28-Dec-2023,02:31:04.54901,0.7
28-Dec-2023,10:21:45.52449,0.7
28-Dec-2023,18:12:25.54111,0.7
29-Dec-2023,02:03:07.47443,0.8
29-Dec-2023,09:53:48.13094,0.8
29-Dec-2023,17:44:29.08441,0.7
30-Dec-2023,01:35:08.76808,0.7
30-Dec-2023,09:25:50.0685,0.8
30-Dec-2023,17:16:30.72202,0.8
31-Dec-2023,01:07:12.64334,0.7
31-Dec-2023,08:57:54.59366,0.8
31-Dec-2023,16:48:35.56914,0.8
1-Jan-2024,00:39:16.5636,0.8
1-Jan-2024,08:29:58.51093,0.7
1-Jan-2024,16:20:40.14729,0.7
2-Jan-2024,00:11:21.46471,0.8
2-Jan-2024,08:02:02.13623,0.7
2-Jan-2024,15:52:42.17384,0.8
2-Jan-2024,23:43:23.1703,0.7
3-Jan-2024,07:34:04.16177,0.7
3-Jan-2024,15:24:43.87643,0.7
3-Jan-2024,23:15:23.91705,0.7
4-Jan-2024,07:06:05.87636,0.8
4-Jan-2024,14:56:47.83969,0.8
4-Jan-2024,22:47:29.808,0.8
5-Jan-2024,06:38:12.08928,0.7
5-Jan-2024,14:28:52.79079,0.8
5-Jan-2024,22:19:33.80225,0.8
6-Jan-2024,06:10:14.80472,0.8
6-Jan-2024,14:00:55.48523,0.7
6-Jan-2024,21:51:34.57399,0.7
7-Jan-2024,05:42:15.57645,0.8
7-Jan-2024,13:32:57.53976,0.7
7-Jan-2024,21:23:38.54523,0.8
8-Jan-2024,05:14:18.58685,0.7
8-Jan-2024,13:05:00.55417,0.7
8-Jan-2024,20:55:41.56163,0.9
9-Jan-2024,04:46:23.52495,0.7
9-Jan-2024,12:37:05.50127,0.7
9-Jan-2024,20:27:47.46658,0.8
10-Jan-2024,04:18:29.4279,0.8
10-Jan-2024,12:09:09.47951,0.7
10-Jan-2024,19:59:51.45383,0.8
11-Jan-2024,03:50:32.13535,0.7
11-Jan-2024,11:41:14.09566,0.8
11-Jan-2024,19:31:53.50337,0.8
12-Jan-2024,03:22:35.14474,0.8
12-Jan-2024,11:13:17.10406,0.7
12-Jan-2024,19:03:58.10753,0.7
13-Jan-2024,02:54:38.14914,0.8
13-Jan-2024,10:45:20.10846,0.7
13-Jan-2024,18:36:01.75482,0.7
14-Jan-2024,02:26:42.11938,0.8
14-Jan-2024,10:17:21.5251,0.8
14-Jan-2024,18:08:03.80836,0.7
15-Jan-2024,01:58:44.79784,0.8
15-Jan-2024,09:49:26.75415,0.7
15-Jan-2024,17:40:05.52396,0.8
16-Jan-2024,01:30:47.48828,0.9
16-Jan-2024,09:21:27.52689,0.7
16-Jan-2024,09:31:28.39294,0.7
24-Jan-2024,03:30:19.08507,0.7
24-Jan-2024,03:31:22.43538,0.8
24-Jan-2024,03:31:25.31494,0.7
24-Jan-2024,03:41:25.22113,0.7
24-Jan-2024,03:41:26.50095,0.6
24-Jan-2024,03:51:26.40714,0.6
24-Jan-2024,03:51:27.04704,0.7
24-Jan-2024,04:01:26.95224,0.6
24-Jan-2024,04:01:28.23204,0.7
24-Jan-2024,04:11:28.13824,0.6
24-Jan-2024,04:11:29.0981,0.6
24-Jan-2024,04:21:29.0033,0.8
24-Jan-2024,04:21:29.6432,0.7
24-Jan-2024,04:31:29.54941,0.7
24-Jan-2024,04:31:30.8282,0.8
24-Jan-2024,04:41:30.73441,0.6
24-Jan-2024,04:41:31.69426,0.7
24-Jan-2024,04:51:31.59946,0.8
24-Jan-2024,04:51:32.55931,0.7
24-Jan-2024,05:01:32.46552,0.7
24-Jan-2024,05:01:33.42537,0.7
24-Jan-2024,05:11:33.33057,0.7
24-Jan-2024,05:11:34.61037,0.6
24-Jan-2024,05:21:33.87567,0.6
24-Jan-2024,05:21:35.15547,0.8
24-Jan-2024,05:31:35.06168,0.7
24-Jan-2024,05:31:36.02153,0.7
24-Jan-2024,05:41:35.92673,0.8
24-Jan-2024,05:41:36.88658,0.7
24-Jan-2024,05:51:35.83192,0.8
24-Jan-2024,05:51:37.11174,0.6
24-Jan-2024,06:01:37.01793,0.8
24-Jan-2024,06:01:37.65784,0.7
24-Jan-2024,06:11:37.56303,0.6
24-Jan-2024,06:11:38.84283,0.8
24-Jan-2024,06:21:38.74904,0.8
24-Jan-2024,06:21:39.70889,0.7
24-Jan-2024,06:31:39.61409,0.7
24-Jan-2024,06:31:40.254,0.6
24-Jan-2024,06:41:40.15919,0.9
24-Jan-2024,06:41:41.439,0.8
24-Jan-2024,06:51:41.3452,0.8
24-Jan-2024,06:51:41.98511,0.7
24-Jan-2024,07:01:41.8903,0.8
24-Jan-2024,07:01:43.1701,0.7
24-Jan-2024,07:11:43.07631,0.8
24-Jan-2024,07:11:44.03616,0.8
24-Jan-2024,07:21:43.94136,0.7
24-Jan-2024,07:21:45.22116,0.7
24-Jan-2024,07:31:44.48746,0.8
24-Jan-2024,07:31:45.76727,0.8
24-Jan-2024,07:41:45.67247,0.7
24-Jan-2024,07:41:46.63232,0.7
24-Jan-2024,07:51:46.53752,0.7
24-Jan-2024,07:51:47.49738,0.6
24-Jan-2024,08:01:47.40358,0.7
24-Jan-2024,08:01:48.36343,0.8
24-Jan-2024,08:11:48.26863,0.8
24-Jan-2024,16:02:31.50975,0.7
24-Jan-2024,23:53:12.19026,0.7
25-Jan-2024,07:43:53.18573,0.7
25-Jan-2024,15:34:35.14905,0.7
25-Jan-2024,23:25:17.10837,0.7
26-Jan-2024,07:15:57.14598,0.7
26-Jan-2024,15:06:39.0983,0.7
26-Jan-2024,22:57:21.05263,0.7
27-Jan-2024,06:48:03.00694,0.7
27-Jan-2024,14:38:42.71161,0.7
27-Jan-2024,22:29:24.65993,0.8
28-Jan-2024,06:20:06.59525,0.7
28-Jan-2024,14:10:46.63187,0.7
28-Jan-2024,22:01:28.58119,0.7
29-Jan-2024,01:50:05.45218,0.7
29-Jan-2024,01:50:08.97165,0.7
29-Jan-2024,02:00:07.91699,0.7
29-Jan-2024,02:00:09.19679,0.7
29-Jan-2024,02:10:09.10199,0.7
29-Jan-2024,02:10:10.06184,0.8
29-Jan-2024,02:20:09.96706,0.8
29-Jan-2024,02:20:10.92691,0.8
29-Jan-2024,02:30:10.51215,0.7
29-Jan-2024,02:30:11.79196,0.7
29-Jan-2024,02:40:11.69716,0.8
29-Jan-2024,02:40:12.33707,0.7
29-Jan-2024,02:50:12.24226,0.7
29-Jan-2024,02:50:13.52206,0.7
29-Jan-2024,03:00:13.42726,0.7
29-Jan-2024,03:00:14.38712,0.7
29-Jan-2024,03:10:14.29231,0.7
29-Jan-2024,03:10:15.25217,0.7
29-Jan-2024,03:20:15.15738,0.7
29-Jan-2024,03:20:16.11722,0.9
29-Jan-2024,03:30:16.02142,0.7
29-Jan-2024,03:30:17.30122,0.7
29-Jan-2024,03:40:17.20644,0.7
29-Jan-2024,03:40:17.84633,0.7
29-Jan-2024,03:50:17.75153,0.7
29-Jan-2024,03:50:18.71138,0.7
29-Jan-2024,04:00:18.61659,0.7
29-Jan-2024,04:00:19.89639,0.7
29-Jan-2024,04:10:19.80159,0.7
29-Jan-2024,04:10:20.4415,0.7
29-Jan-2024,04:20:20.34669,0.7
29-Jan-2024,04:20:21.6265,0.7
29-Jan-2024,04:30:21.53169,0.7
29-Jan-2024,04:30:22.49155,0.7
29-Jan-2024,04:40:22.39676,0.7
29-Jan-2024,04:40:23.03665,0.7
29-Jan-2024,04:50:22.94185,0.7
29-Jan-2024,04:50:24.22166,0.7
29-Jan-2024,05:00:24.12686,0.7
29-Jan-2024,05:00:25.08672,0.7
29-Jan-2024,05:10:24.99191,0.7
29-Jan-2024,05:10:25.95177,0.8
29-Jan-2024,05:20:25.85696,0.7
29-Jan-2024,05:20:26.81682,0.7
29-Jan-2024,05:30:26.72202,0.7
29-Jan-2024,05:30:28.00082,0.8
29-Jan-2024,05:40:27.90703,0.7
29-Jan-2024,05:40:28.54692,0.7
29-Jan-2024,05:50:28.45113,0.7
29-Jan-2024,05:50:29.73093,0.7
29-Jan-2024,06:00:29.31618,0.8
29-Jan-2024,06:00:30.59598,0.7
29-Jan-2024,06:10:30.50119,0.8
29-Jan-2024,06:10:31.14108,0.7
29-Jan-2024,06:20:31.0463,0.7
29-Jan-2024,06:20:32.3261,0.8
29-Jan-2024,06:30:32.23129,0.7
29-Jan-2024,14:21:15.14047,0.7
29-Jan-2024,22:11:57.07979,0.8
30-Jan-2024,06:02:39.01611,0.7
30-Jan-2024,13:53:20.00858,0.7
30-Jan-2024,21:44:00.69308,0.7
31-Jan-2024,05:34:41.68056,0.7
31-Jan-2024,13:25:23.61987,0.6
31-Jan-2024,21:16:05.56421,0.7
1-Feb-2024,05:06:47.51653,0.8
1-Feb-2024,12:57:28.51799,0.7
1-Feb-2024,20:48:07.28479,0.7
2-Feb-2024,04:38:48.59322,0.8
2-Feb-2024,12:29:30.54454,0.8
2-Feb-2024,20:20:12.50485,0.7
3-Feb-2024,04:10:54.12923,0.7
3-Feb-2024,12:01:36.07654,0.8
3-Feb-2024,19:52:17.39696,0.8
4-Feb-2024,03:42:59.02634,0.7
4-Feb-2024,11:33:40.97466,0.6
4-Feb-2024,19:24:22.29407,0.8
5-Feb-2024,03:15:03.92343,0.7
5-Feb-2024,11:05:45.21786,0.7
5-Feb-2024,18:56:25.87637,0.8
5-Feb-2024,23:36:44.0218,3.5
6-Feb-2024,07:28:47.55464,0.7
6-Feb-2024,15:19:29.83292,0.7
6-Feb-2024,23:10:11.79224,0.7
7-Feb-2024,07:00:52.45274,0.8
7-Feb-2024,14:51:34.39107,0.7
7-Feb-2024,22:42:16.32939,0.7
8-Feb-2024,06:32:57.31786,0.7
8-Feb-2024,14:23:37.35147,0.7
8-Feb-2024,22:14:19.3038,0.7
9-Feb-2024,06:05:00.29626,0.7
9-Feb-2024,13:55:42.26259,0.7
9-Feb-2024,21:46:24.2149,0.7
10-Feb-2024,05:37:06.17021,0.7
10-Feb-2024,13:27:48.12553,0.7
10-Feb-2024,21:18:30.08485,0.7
11-Feb-2024,05:09:11.71423,1.0
11-Feb-2024,12:59:53.66655,0.7
11-Feb-2024,20:50:35.61487,0.7
12-Feb-2024,04:41:17.56619,0.7
12-Feb-2024,12:31:59.51251,0.7
12-Feb-2024,20:22:40.51297,0.7
13-Feb-2024,04:13:22.46129,0.7
13-Feb-2024,12:04:02.49591,0.7
13-Feb-2024,19:54:43.49338,0.7
14-Feb-2024,03:45:25.4437,0.7
14-Feb-2024,11:36:07.39902,0.7
14-Feb-2024,19:26:49.37134,0.7
15-Feb-2024,03:17:30.37379,0.7
15-Feb-2024,11:08:11.05931,0.7
15-Feb-2024,18:58:53.03363,0.7
16-Feb-2024,02:49:34.99394,0.8
16-Feb-2024,10:40:17.28221,0.8
16-Feb-2024,18:30:57.02087,0.7
17-Feb-2024,02:21:37.06349,0.8
17-Feb-2024,10:12:17.735,0.8
17-Feb-2024,18:02:58.74947,0.8
18-Feb-2024,01:53:40.07289,0.7
18-Feb-2024,09:53:22.75146,0.7
18-Feb-2024,17:44:02.80907,0.8
19-Feb-2024,01:34:44.77139,0.8
19-Feb-2024,09:25:25.4509,0.7
19-Feb-2024,17:16:06.46736,0.7
20-Feb-2024,01:06:48.43369,0.7
20-Feb-2024,08:57:30.388,0.7
20-Feb-2024,16:48:12.36333,0.8
21-Feb-2024,00:38:54.32864,0.7
21-Feb-2024,02:48:34.54408,5.9
21-Feb-2024,10:42:28.78198,6.2
21-Feb-2024,18:33:10.7563,6.3
22-Feb-2024,02:23:52.71562,6.8
22-Feb-2024,10:14:34.67393,6.2
22-Feb-2024,18:05:16.64525,6.1
23-Feb-2024,01:55:57.33377,5.3
23-Feb-2024,09:46:39.30408,6.1
23-Feb-2024,17:37:21.60236,6.7
24-Feb-2024,01:28:02.28986,5.6
24-Feb-2024,09:18:43.27933,6.2
24-Feb-2024,17:09:24.2988,6.2
25-Feb-2024,01:00:06.26711,6.2
25-Feb-2024,08:50:47.90848,6.1
25-Feb-2024,16:41:29.24889,6.3
26-Feb-2024,00:32:10.25935,5.4
26-Feb-2024,08:22:52.24467,6.4
26-Feb-2024,16:13:34.22598,5.9
27-Feb-2024,00:04:16.20731,5.2
27-Feb-2024,07:54:58.19162,6.4
27-Feb-2024,15:45:36.97342,6.3
27-Feb-2024,23:36:18.95374,5.9
28-Feb-2024,07:27:00.93805,5.7
28-Feb-2024,15:17:41.61157,6.0
28-Feb-2024,23:08:23.55589,5.9
29-Feb-2024,06:59:04.8923,7.1
29-Feb-2024,14:49:46.53568,7.3
29-Feb-2024,22:40:27.85809,6.4
1-Mar-2024,06:31:08.5426,6.7
1-Mar-2024,14:21:49.54407,7.5
1-Mar-2024,22:12:30.22658,6.5
2-Mar-2024,06:03:12.19189,5.9
2-Mar-2024,13:53:53.19537,6.3
2-Mar-2024,21:44:35.15768,6.1
3-Mar-2024,05:35:17.125,5.6
3-Mar-2024,13:25:59.09032,6.7
3-Mar-2024,21:16:39.13394,6.9
4-Mar-2024,05:07:20.1424,6.1
4-Mar-2024,12:58:02.11072,6.1
4-Mar-2024,20:48:44.08104,6.8
5-Mar-2024,04:39:26.05035,6.7
5-Mar-2024,12:30:07.05882,6.6
5-Mar-2024,20:20:47.74333,6.8
6-Mar-2024,04:11:29.71364,6.9
6-Mar-2024,12:02:12.00392,6.4
6-Mar-2024,19:52:53.97324,6.7
7-Mar-2024,03:43:35.94455,5.3
7-Mar-2024,11:34:17.90987,7.0
7-Mar-2024,19:24:59.86119,6.1
8-Mar-2024,03:15:40.5527,5.2
8-Mar-2024,11:06:22.84596,5.8
8-Mar-2024,18:57:03.53648,6.3
9-Mar-2024,02:47:44.54794,5.3
9-Mar-2024,10:38:26.52226,5.7
9-Mar-2024,18:29:08.49358,6.6
10-Mar-2024,03:19:49.825,5.3
10-Mar-2024,11:10:30.48135,6.4
10-Mar-2024,19:01:11.52797,6.9
11-Mar-2024,02:51:53.49728,5.7
11-Mar-2024,10:42:34.50775,6.1
11-Mar-2024,18:33:16.47408,6.9
12-Mar-2024,02:23:58.43639,5.8
12-Mar-2024,10:14:39.1149,6.6
12-Mar-2024,18:05:21.06523,6.6
13-Mar-2024,01:56:03.01854,5.3
13-Mar-2024,09:46:44.01701,6.2
13-Mar-2024,17:37:25.01048,6.7
14-Mar-2024,01:28:06.00494,6.1
14-Mar-2024,09:18:47.97626,6.0
14-Mar-2024,17:09:28.66678,6.6
15-Mar-2024,01:00:10.6321,5.4
15-Mar-2024,08:50:52.58942,5.7
15-Mar-2024,16:41:34.19879,6.8
16-Mar-2024,00:32:15.5192,5.3
16-Mar-2024,08:22:57.47552,5.6
16-Mar-2024,16:13:37.18118,6.6
17-Mar-2024,00:04:18.14766,5.2
17-Mar-2024,07:54:59.43507,5.7
17-Mar-2024,15:45:41.04146,6.3
17-Mar-2024,23:36:22.98077,5.7
18-Mar-2024,07:27:03.6393,5.8
18-Mar-2024,15:17:45.57761,6.7
18-Mar-2024,23:08:26.87703,5.7
19-Mar-2024,06:59:07.85651,5.8
19-Mar-2024,14:49:48.51602,6.3
19-Mar-2024,22:40:29.49548,5.7
20-Mar-2024,06:31:10.16,5.2
20-Mar-2024,14:21:51.47142,6.5
20-Mar-2024,22:12:33.43074,5.6
21-Mar-2024,06:03:13.1494,5.5
21-Mar-2024,13:53:55.42668,6.3
21-Mar-2024,21:44:35.46629,5.2
22-Mar-2024,05:35:17.10466,5.5
22-Mar-2024,13:25:57.14326,6.5
22-Mar-2024,21:16:39.10359,6.0
23-Mar-2024,03:37:11.99263,6.4
23-Mar-2024,06:36:42.13853,6.6
23-Mar-2024,06:36:45.0181,6.4
23-Mar-2024,06:46:44.9243,6.5
23-Mar-2024,06:46:46.2041,6.5
23-Mar-2024,06:56:46.1093,6.4
23-Mar-2024,06:56:46.74921,6.4
23-Mar-2024,07:06:46.65541,6.4
23-Mar-2024,07:06:47.93521,6.7
23-Mar-2024,07:16:47.84041,6.5
23-Mar-2024,07:16:48.80026,6.7
23-Mar-2024,07:26:48.70546,6.5
23-Mar-2024,07:26:49.34537,6.6
23-Mar-2024,07:36:49.25157,6.5
23-Mar-2024,07:36:50.53137,6.6
23-Mar-2024,07:46:50.43657,6.6
23-Mar-2024,07:46:51.39642,6.4
23-Mar-2024,07:56:51.30263,6.5
23-Mar-2024,07:56:52.26248,6.9
23-Mar-2024,08:06:52.16768,6.4
23-Mar-2024,08:06:53.12753,7.0
23-Mar-2024,08:16:53.03273,6.7
23-Mar-2024,08:16:54.31253,7.1
23-Mar-2024,08:26:54.21873,7.0
23-Mar-2024,08:26:54.85864,7.3
23-Mar-2024,08:36:54.76384,6.7
23-Mar-2024,08:36:55.72369,6.7
23-Mar-2024,08:46:55.62889,7.0
23-Mar-2024,08:46:56.90869,7.0
23-Mar-2024,08:56:56.81389,6.6
23-Mar-2024,08:56:57.4538,7.1
23-Mar-2024,09:06:57.36,6.8
23-Mar-2024,09:06:58.6398,7.0
23-Mar-2024,09:16:58.545,7.0
23-Mar-2024,09:16:59.50485,6.9
23-Mar-2024,09:26:59.41006,7.3
23-Mar-2024,09:27:00.04996,6.9
23-Mar-2024,09:36:59.95515,7.2
23-Mar-2024,09:37:01.23497,7.1
23-Mar-2024,09:47:01.14017,7.4
23-Mar-2024,09:47:01.78006,7.5
23-Mar-2024,09:57:01.04536,7.3
23-Mar-2024,09:57:02.00522,7.3
23-Mar-2024,10:07:01.59047,7.5
23-Mar-2024,10:07:02.87027,7.3
23-Mar-2024,10:17:02.77547,7.3
23-Mar-2024,10:17:03.73532,7.1
23-Mar-2024,10:27:03.64052,7.3
23-Mar-2024,10:27:04.28043,7.8
23-Mar-2024,10:37:04.18562,7.5
23-Mar-2024,10:37:05.46542,7.5
23-Mar-2024,10:47:05.37064,7.6
23-Mar-2024,10:47:06.33049,8.0
23-Mar-2024,10:57:06.23569,7.5
23-Mar-2024,10:57:07.19554,7.1
23-Mar-2024,11:07:07.10074,7.7
23-Mar-2024,11:07:08.06059,7.7
23-Mar-2024,11:17:07.9648,7.6
23-Mar-2024,11:17:09.2446,7.7
23-Mar-2024,11:27:09.1498,7.6
23-Mar-2024,11:27:09.7897,7.9
23-Mar-2024,11:37:09.6949,7.6
23-Mar-2024,19:27:52.59407,6.9
24-Mar-2024,03:18:34.86134,6.1
24-Mar-2024,11:09:16.82466,7.3
24-Mar-2024,18:59:58.45303,7.2
25-Mar-2024,02:50:40.71732,5.5
25-Mar-2024,10:41:17.23245,6.5
25-Mar-2024,18:31:59.49173,7.2
26-Mar-2024,02:22:39.18939,6.1
26-Mar-2024,10:13:20.18187,6.7
26-Mar-2024,18:04:02.11719,7.5
27-Mar-2024,01:54:43.10266,7.1
27-Mar-2024,09:45:24.72403,5.2
27-Mar-2024,17:36:04.74265,5.9
27-Mar-2024,22:15:28.81535,5.4
27-Mar-2024,22:15:48.97226,5.3
27-Mar-2024,22:25:48.5585,5.5
27-Mar-2024,22:25:49.83832,5.1
27-Mar-2024,22:35:49.74352,5.5
27-Mar-2024,22:35:50.38342,5.5
27-Mar-2024,22:45:50.28961,5.7
27-Mar-2024,22:45:51.24947,5.4
27-Mar-2024,22:55:51.15468,5.6
27-Mar-2024,22:55:52.43448,5.7
27-Mar-2024,23:05:52.34067,5.6
27-Mar-2024,23:05:52.98058,6.0
27-Mar-2024,23:15:52.88577,5.4
27-Mar-2024,23:15:54.16559,5.6
27-Mar-2024,23:25:54.07079,5.8
27-Mar-2024,23:25:55.03064,5.4
27-Mar-2024,23:35:54.93684,5.8
27-Mar-2024,23:35:55.57674,5.7
27-Mar-2024,23:45:55.48294,5.4
27-Mar-2024,23:45:56.76274,5.4
27-Mar-2024,23:55:56.66794,4.9
27-Mar-2024,23:55:57.62779,5.3
28-Mar-2024,00:05:57.534,5.2
28-Mar-2024,00:05:58.49385,5.9
28-Mar-2024,00:15:58.40005,5.1
28-Mar-2024,00:15:59.35991,5.4
28-Mar-2024,00:25:59.2661,5.2
28-Mar-2024,00:26:00.54591,5.2
28-Mar-2024,00:36:00.4521,5.7
28-Mar-2024,00:36:01.09201,5.4
28-Mar-2024,00:46:00.99821,5.5
28-Mar-2024,00:46:01.95807,5.3
28-Mar-2024,00:56:01.86426,5.4
28-Mar-2024,00:56:03.14407,5.7
28-Mar-2024,01:06:03.04927,5.7
28-Mar-2024,01:06:03.68918,5.5
28-Mar-2024,01:16:03.59537,5.2
28-Mar-2024,01:16:04.87518,5.2
28-Mar-2024,01:26:04.78038,5.3
28-Mar-2024,01:26:05.74023,5.3
28-Mar-2024,01:36:05.64543,5.2
28-Mar-2024,01:36:06.28532,5.3
28-Mar-2024,01:46:06.19153,5.5
28-Mar-2024,01:46:07.47133,5.2
28-Mar-2024,01:56:07.37654,5.4
28-Mar-2024,01:56:08.3364,5.5
28-Mar-2024,02:06:08.24258,5.3
28-Mar-2024,02:06:09.20244,5.1
28-Mar-2024,02:16:09.10764,5.5
28-Mar-2024,02:16:10.06749,5.3
28-Mar-2024,02:26:09.9727,5.5
28-Mar-2024,02:26:11.2525,5.5
28-Mar-2024,02:36:11.15871,5.6
28-Mar-2024,02:36:11.7986,5.7
28-Mar-2024,02:46:11.70381,5.4
28-Mar-2024,02:46:12.98361,5.4
28-Mar-2024,02:56:12.56985,5.3
28-Mar-2024,02:56:13.84966,5.5
28-Mar-2024,03:06:13.75487,5.1
28-Mar-2024,03:06:14.39476,5.3
28-Mar-2024,03:16:14.29996,5.6
28-Mar-2024,11:06:57.21014,5.2
28-Mar-2024,18:57:39.14946,5.5
29-Mar-2024,02:48:21.41573,5.3
29-Mar-2024,10:39:03.37006,5.0
29-Mar-2024,18:29:44.99042,5.6
29-Mar-2024,23:00:08.99377,5.4
